en,fr,it,de,es,ko,kana,pt
Youngster,Gamin,Youngster,Youngster,Youngster,Youngster,Youngster,Youngster
Ace Trainer,Topdresseuse,Ace Trainer,Ace Trainer,Ace Trainer,Ace Trainer,Ace Trainer,Ace Trainer
Sailor,Marin,Sailor,Sailor,Sailor,Sailor,Sailor,Sailor
Kimono Girl,Kimono,Kimono Girl,Kimono Girl,Kimono Girl,Kimono Girl,Kimono Girl,Kimono Girl
Fairy Tale Girl,Fillette de conte,Fairy Tale Girl,Fairy Tale Girl,Fairy Tale Girl,Fairy Tale Girl,Fairy Tale Girl,Fairy Tale Girl
Trainer,Dresseur,Trainer,Trainer,Trainer,Trainer,Trainer,Trainer
Expert,Expert,Expert,Expert,Expert,Expert,Expert,Expert
Rail Staff,Cheminot,Rail Staff,Rail Staff,Rail Staff,Rail Staff,Rail Staff,Rail Staff
Reporter,Reporter,Reporter,Reporter,Reporter,Reporter,Reporter,Reporter
Staff,Staff,Staff,Staff,Staff,Staff,Staff,Staff
Scout,Scout,Scout,Scout,Scout,Scout,Scout,Scout
Picknicker,Fan de Pique-Nique,Picknicker,Picknicker,Picknicker,Picknicker,Picknicker,Picknicker
Camper,Campeur,Camper,Camper,Camper,Camper,Camper,Camper
Scout,Scout,Scout,Scout,Scout,Scout,Scout,Scout
Champion,Champion,Champion,Champion,Champion,Champion,Champion,Champion
Campeuse,Campeuse,Campeuse,Campeuse,Campeuse,Campeuse,Campeuse,Campeuse
Pokétoonz,Pokétoonz,Pokétoonz,Pokétoonz,Pokétoonz,Pokétoonz,Pokétoonz,Pokétoonz
Gamin,Scout,Gamin,Gamin,Gamin,Gamin,Gamin,Gamin
Campeur,Campeur,Campeur,Campeur,Campeur,Campeur,Campeur,Campeur
Entomologiste,Entomologiste,Entomologiste,Entomologiste,Entomologiste,Entomologiste,Entomologiste,Entomologiste
Ecolier,Ecolier,Ecolier,Ecolier,Ecolier,Ecolier,Ecolier,Ecolier
Scout,Scout,Scout,Scout,Scout,Scout,Scout,Scout
Montagnard,Montagnard,Montagnard,Montagnard,Montagnard,Montagnard,Montagnard,Montagnard
Jeunot,Campeuse,Jeunot,Jeunot,Jeunot,Jeunot,Jeunot,Jeunot
Entomologiste,Entomologiste,Entomologiste,Entomologiste,Entomologiste,Entomologiste,Entomologiste,Entomologiste
Ecolier,Ecolier,Ecolier,Ecolier,Ecolier,Ecolier,Ecolier,Ecolier
Sbire,Sbire,Sbire,Sbire,Sbire,Sbire,Sbire,Sbire
Pokétoonz,Pokétoonz,Pokétoonz,Pokétoonz,Pokétoonz,Pokétoonz,Pokétoonz,Pokétoonz
Entomomaniac,Champion,Entomomaniac,Entomomaniac,Entomomaniac,Entomomaniac,Entomomaniac,Entomomaniac
Entomomaniac,Scout,Entomomaniac,Entomomaniac,Entomomaniac,Entomomaniac,Entomomaniac,Entomomaniac
Scout,Champion,Scout,Scout,Scout,Scout,Scout,Scout
Scout,Champion,Scout,Scout,Scout,Scout,Scout,Scout
Scout,Champion,Scout,Scout,Scout,Scout,Scout,Scout
Sage,Sage,Sage,Sage,Sage,Sage,Sage,Sage
Facteur,Facteur,Facteur,Facteur,Facteur,Facteur,Facteur,Facteur
Champion,Champion,Champion,Champion,Champion,Champion,Champion,Champion
Psychique,Psychique,Psychique,Psychique,Psychique,Psychique,Psychique,Psychique
