en,fr,it,de,es,ko,kana,pt
Joey,Farouk,Paul,Paul,Chano,Paul,Paul,Joey
Jeanne,Jeanne,Jeanne,Jeanne,Jeanne,Jeanne,Jeanne,Jeanne
Renaud,Renaud,Renaud,Renaud,Renaud,Renaud,Renaud,Renaud
Kanako,Kanako,Kanako,Kanako,Kanako,Kanako,Kanako,Kanako
Lily,Lily,Lily,Lily,Lily,Lily,Lily,Lily
Cornil,Cornil,Cornil,Cornil,Cornil,Cornil,Cornil,Cornil
William,William,William,William,William,William,William,William
Thierry,Thierry,Thierry,Thierry,Thierry,Thierry,Thierry,Thierry
Judith,Judith,Judith,Judith,Judith,Judith,Judith,Judith
Palbolsky,Palbolsky,Palbolsky,Palbolsky,Palbolsky,Palbolsky,Palbolsky,Palbolsky
Gary,Gary,Gary,Gary,Gary,Gary,Gary,Gary
Lucie,Lucie,Lucie,Lucie,Lucie,Lucie,Lucie,Lucie
Robin,Robin,Robin,Robin,Robin,Robin,Robin,Robin
John,John,John,John,John,John,John,John
Pierre,Pierre,Pierre,Pierre,Pierre,Pierre,Pierre,Pierre
Jeanette,Jeanette,Jeanette,Jeanette,Jeanette,Jeanette,Jeanette,Jeanette
Sanupiat,Sanupiat,Sanupiat,Sanupiat,Sanupiat,Sanupiat,Sanupiat,Sanupiat
George,George,George,George,George,George,George,George
Jean,Jean,Jean,Jean,Jean,Jean,Jean,Jean
Insectoraga,Insectoraga,Insectoraga,Insectoraga,Insectoraga,Insectoraga,Insectoraga,Insectoraga
Ole,Ole,Ole,Ole,Ole,Ole,Ole,Ole
Clovise,Clovise,Clovise,Clovise,Clovise,Clovise,Clovise,Clovise
Cédric,Cédric,Cédric,Cédric,Cédric,Cédric,Cédric,Cédric
Raoul,Raoul,Raoul,Raoul,Raoul,Raoul,Raoul,Raoul
Melo,Melo,Melo,Melo,Melo,Melo,Melo,Melo
Premier de la classe,premier de la classe,Premier de la classe,Premier de la classe,Premier de la classe,Premier de la classe,Premier de la classe,Premier de la classe
Obscur,Obscur,Obscur,Obscur,Obscur,Obscur,Obscur,Obscur
Cha,Cha,Cha,Cha,Cha,Cha,Cha,Cha
Insectoraga,Insectoraga,Insectoraga,Insectoraga,Insectoraga,Insectoraga,Insectoraga,Insectoraga
Timothée,Timothée,Timothée,Timothée,Timothée,Timothée,Timothée,Timothée
Cédric,Cédric,Cédric,Cédric,Cédric,Cédric,Cédric,Cédric
Arthur,Arthur,Arthur,Arthur,Arthur,Arthur,Arthur,Arthur
Sammy,Sammy,Sammy,Sammy,Sammy,Sammy,Sammy,Sammy
