en,fr,it,de,es,ko,kana,pt
Abomasnow,Blizzaroi,Abomasnow,Rexblisar,Abomasnow,눈설왕,ユキノオー,Abomasnow
Abomasnow,Blizzaroi,Abomasnow,Rexblisar,Abomasnow,눈설왕,ユキノオー,Abomasnow
Abra,Abra,Abra,Abra,Abra,캐이시,ケーシィ,Abra
Absol,Absol,Absol,Absol,Absol,앱솔,アブソル,Absol
Absol,Absol,Absol,Absol,Absol,앱솔,アブソル,Absol
Accelgor,Limaspeed,Accelgor,Hydragil,Accelgor,어지리더,アギルダー,Accelgor
Aegislash,Exagide,Aegislash,Durengard,Aegislash,킬가르도,ギルガルド,Aegislash
Aegislash,Exagide,Aegislash,Durengard,Aegislash,킬가르도,ギルガルド,Aegislash
Aegislash,Exagide,Aegislash,Durengard,Aegislash,킬가르도,ギルガルド,Aegislash
Aerodactyl,Ptéra,Aerodactyl,Aerodactyl,Aerodactyl,프테라,プテラ,Aerodactyl
Aerodactyl,Ptéra,Aerodactyl,Aerodactyl,Aerodactyl,프테라,プテラ,Aerodactyl
Aggron,Galeking,Aggron,Stolloss,Aggron,보스로라,ボスゴドラ,Aggron
Aggron,Galeking,Aggron,Stolloss,Aggron,보스로라,ボスゴドラ,Aggron
Aipom,Capumain,Aipom,Griffel,Aipom,에이팜,エイパム,Aipom
Alakazam,Alakazam,Alakazam,Simsala,Alakazam,후딘,フーディン,Alakazam
Alakazam,Alakazam,Alakazam,Simsala,Alakazam,후딘,フーディン,Alakazam
Alomomola,Mamanbo,Alomomola,Mamolida,Alomomola,맘복치,ママンボウ,Alomomola
Altaria,Altaria,Altaria,Altaria,Altaria,파비코리,チルタリス,Altaria
Altaria,Altaria,Altaria,Altaria,Altaria,파비코리,チルタリス,Altaria
Amaura,Amagara,Amaura,Amarino,Amaura,아마루스,アマルス,Amaura
Ambipom,Capidextre,Ambipom,Ambidiffel,Ambipom,겟핸보숭,エテボース,Ambipom
Amoonguss,Gaulet,Amoonguss,Hutsassa,Amoonguss,뽀록나,モロバレル,Amoonguss
Ampharos,Pharamp,Ampharos,Ampharos,Ampharos,전룡,デンリュウ,Ampharos
Ampharos,Pharamp,Ampharos,Ampharos,Ampharos,전룡,デンリュウ,Ampharos
Anorith,Anorith,Anorith,Anorith,Anorith,아노딥스,アノプス,Anorith
Araquanid,Tarenbulle,Araquanid,Aranestro,Araquanid,깨비물거미,オニシズクモ,Araquanid
Arbok,Arbok,Arbok,Arbok,Arbok,아보크,アーボック,Arbok
Arcanine,Arcanin,Arcanine,Arkani,Arcanine,윈디,ウインディ,Arcanine
Arceus,Arceus,Arceus,Arceus,Arceus,아르세우스,アルセウス,Arceus
Arceus,Arceus,Arceus,Arceus,Arceus,아르세우스,アルセウス,Arceus
Arceus,Arceus,Arceus,Arceus,Arceus,아르세우스,アルセウス,Arceus
Arceus,Arceus,Arceus,Arceus,Arceus,아르세우스,アルセウス,Arceus
Arceus,Arceus,Arceus,Arceus,Arceus,아르세우스,アルセウス,Arceus
Arceus,Arceus,Arceus,Arceus,Arceus,아르세우스,アルセウス,Arceus
Arceus,Arceus,Arceus,Arceus,Arceus,아르세우스,アルセウス,Arceus
Arceus,Arceus,Arceus,Arceus,Arceus,아르세우스,アルセウス,Arceus
Arceus,Arceus,Arceus,Arceus,Arceus,아르세우스,アルセウス,Arceus
Arceus,Arceus,Arceus,Arceus,Arceus,아르세우스,アルセウス,Arceus
Arceus,Arceus,Arceus,Arceus,Arceus,아르세우스,アルセウス,Arceus
Arceus,Arceus,Arceus,Arceus,Arceus,아르세우스,アルセウス,Arceus
Arceus,Arceus,Arceus,Arceus,Arceus,아르세우스,アルセウス,Arceus
Arceus,Arceus,Arceus,Arceus,Arceus,아르세우스,アルセウス,Arceus
Arceus,Arceus,Arceus,Arceus,Arceus,아르세우스,アルセウス,Arceus
Arceus,Arceus,Arceus,Arceus,Arceus,아르세우스,アルセウス,Arceus
Arceus,Arceus,Arceus,Arceus,Arceus,아르세우스,アルセウス,Arceus
Arceus,Arceus,Arceus,Arceus,Arceus,아르세우스,アルセウス,Arceus
Archen,Arkéapti,Archen,Flapteryx,Archen,아켄,アーケン,Archen
Archeops,Aéroptéryx,Archeops,Aeropteryx,Archeops,아케오스,アーケオス,Archeops
Ariados,Migalos,Ariados,Ariados,Ariados,아리아도스,アリアドス,Ariados
Armaldo,Armaldo,Armaldo,Armaldo,Armaldo,아말도,アーマルド,Armaldo
Aromatisse,Cocotine,Aromatisse,Parfinesse,Aromatisse,프레프티르,フレフワン,Aromatisse
Aron,Galekid,Aron,Stollunior,Aron,가보리,ココドラ,Aron
Articuno,Artikodin,Articuno,Arktos,Articuno,프리져,フリーザー,Articuno
Audino,Nanméouïe,Audino,Ohrdoch,Audino,다부니,タブンネ,Audino
Audino,Nanméouïe,Audino,Ohrdoch,Audino,다부니,タブンネ,Audino
Aurorus,Dragmara,Aurorus,Amagarga,Aurorus,아마루르가,アマルルガ,Aurorus
Avalugg,Séracrawl,Avalugg,Arktilas,Avalugg,크레베이스,クレベース,Avalugg
Axew,Coupenotte,Axew,Milza,Axew,터검니,キバゴ,Axew
Azelf,Créfadet,Azelf,Tobutz,Azelf,아그놈,アグノム,Azelf
Azumarill,Azumarill,Azumarill,Azumarill,Azumarill,마릴리,マリルリ,Azumarill
Azurill,Azurill,Azurill,Azurill,Azurill,루리리,ルリリ,Azurill
Bagon,Draby,Bagon,Kindwurm,Bagon,아공이,タツベイ,Bagon
Baltoy,Balbuto,Baltoy,Puppance,Baltoy,오뚝군,ヤジロン,Baltoy
Banette,Branette,Banette,Banette,Banette,다크펫,ジュペッタ,Banette
Banette,Branette,Banette,Banette,Banette,다크펫,ジュペッタ,Banette
Barbaracle,Golgopathe,Barbaracle,Thanathora,Barbaracle,거북손데스,ガメノデス,Barbaracle
Barboach,Barloche,Barboach,Schmerbe,Barboach,미꾸리,ドジョッチ,Barboach
Basculin,Bargantua,Basculin,Barschuft,Basculin,배쓰나이,バスラオ,Basculin
Basculin,Bargantua,Basculin,Barschuft,Basculin,배쓰나이,バスラオ,Basculin
Bastiodon,Bastiodon,Bastiodon,Bollterus,Bastiodon,바리톱스,トリデプス,Bastiodon
Bayleef,Macronium,Bayleef,Lorblatt,Bayleef,베이리프,ベイリーフ,Bayleef
Beartic,Polagriffe,Beartic,Siberio,Beartic,툰베어,ツンベアー,Beartic
Beautifly,Charmillon,Beautifly,Papinella,Beautifly,뷰티플라이,アゲハント,Beautifly
Beedrill,Dardargnan,Beedrill,Bibor,Beedrill,독침붕,スピアー,Beedrill
Beedrill,Dardargnan,Beedrill,Bibor,Beedrill,독침붕,スピアー,Beedrill
Beheeyem,Neitram,Beheeyem,Megalon,Beheeyem,벰크,オーベム,Beheeyem
Beldum,Terhal,Beldum,Tanhel,Beldum,메탕,ダンバル,Beldum
Bellossom,Joliflor,Bellossom,Blubella,Bellossom,아르코,キレイハナ,Bellossom
Bellsprout,Chétiflor,Bellsprout,Knofensa,Bellsprout,모다피,マダツボミ,Bellsprout
Bergmite,Grelaçon,Bergmite,Arktip,Bergmite,꽁어름,カチコール,Bergmite
Bewear,Chelours,Bewear,Kosturso,Bewear,이븐곰,キテルグマ,Bewear
Bibarel,Castorno,Bibarel,Bidifas,Bibarel,비버통,ビーダル,Bibarel
Bidoof,Keunotor,Bidoof,Bidiza,Bidoof,비버니,ビッパ,Bidoof
Binacle,Opermine,Binacle,Bithora,Binacle,거북손손,カメテテ,Binacle
Bisharp,Scalproie,Bisharp,Caesurio,Bisharp,절각참,キリキザン,Bisharp
Blacephalon,Pierroteknik,Blacephalon,Kopplosio,Blacephalon,두파팡,ズガドーン,Blacephalon
Blastoise,Tortank,Blastoise,Turtok,Blastoise,거북왕,カメックス,Blastoise
Blastoise,Tortank,Blastoise,Turtok,Blastoise,거북왕,カメックス,Blastoise
Blaziken,Braségali,Blaziken,Lohgock,Blaziken,번치코,バシャーモ,Blaziken
Blaziken,Braségali,Blaziken,Lohgock,Blaziken,번치코,バシャーモ,Blaziken
Blissey,Leuphorie,Blissey,Heiteira,Blissey,해피너스,ハピナス,Blissey
Blitzle,Zébibron,Blitzle,Elezeba,Blitzle,줄뮤마,シママ,Blitzle
Boldore,Géolithe,Boldore,Sedimantur,Boldore,암트르,ガントル,Boldore
Bonsly,Manzaï,Bonsly,Mobai,Bonsly,꼬지지,ウソハチ,Bonsly
Bouffalant,Frison,Bouffalant,Bisofank,Bouffalant,버프론,バッフロン,Bouffalant
Bounsweet,Croquine,Bounsweet,Frubberl,Bounsweet,달콤아,アマカジ,Bounsweet
Braixen,Roussil,Braixen,Rutena,Braixen,테르나,テールナー,Braixen
Braviary,Gueriaigle,Braviary,Washakwil,Braviary,워글,ウォーグル,Braviary
Breloom,Chapignon,Breloom,Kapilz,Breloom,버섯모,キノガッサ,Breloom
Brionne,Otarlette,Brionne,Marikeck,Brionne,키요공,オシャマリ,Brionne
Bronzong,Archéodong,Bronzong,Bronzong,Bronzong,동탁군,ドータクン,Bronzong
Bronzor,Archéomire,Bronzor,Bronzel,Bronzor,동미러,ドーミラー,Bronzor
Bruxish,Denticrisse,Bruxish,Knirfish,Bruxish,치갈기,ハギギシリ,Bruxish
Budew,Rozbouton,Budew,Knospi,Budew,꼬몽울,スボミー,Budew
Buizel,Mustébouée,Buizel,Bamelin,Buizel,브이젤,ブイゼル,Buizel
Bulbasaur,Bulbizarre,Bulbasaur,Bisasam,Bulbasaur,이상해씨,フシギダネ,Bulbasaur
Buneary,Laporeille,Buneary,Haspiror,Buneary,이어롤,ミミロル,Buneary
Bunnelby,Sapereau,Bunnelby,Scoppel,Bunnelby,파르빗,ホルビー,Bunnelby
Burmy,Cheniti,Burmy,Burmy,Burmy,도롱충이,ミノムッチ,Burmy
Burmy,Cheniti,Burmy,Burmy,Burmy,도롱충이,ミノムッチ,Burmy
Burmy,Cheniti,Burmy,Burmy,Burmy,도롱충이,ミノムッチ,Burmy
Burmy,Cheniti,Burmy,Burmy,Burmy,도롱충이,ミノムッチ,Burmy
Butterfree,Papilusion,Butterfree,Smettbo,Butterfree,버터플,バタフリー,Butterfree
Buzzwole,Mouscoto,Buzzwole,Masskito,Buzzwole,매시붕,マッシブーン,Buzzwole
Cacnea,Cacnea,Cacnea,Tuska,Cacnea,선인왕,サボネア,Cacnea
Cacturne,Cacturne,Cacturne,Noktuska,Cacturne,밤선인,ノクタス,Cacturne
Camerupt,Camérupt,Camerupt,Camerupt,Camerupt,폭타,バクーダ,Camerupt
Camerupt,Camérupt,Camerupt,Camerupt,Camerupt,폭타,バクーダ,Camerupt
Carbink,Strassie,Carbink,Rocara,Carbink,멜리시,メレシー,Carbink
Carnivine,Vortente,Carnivine,Venuflibis,Carnivine,무스틈니,マスキッパ,Carnivine
Carracosta,Mégapagos,Carracosta,Karippas,Carracosta,늑골라,アバゴーラ,Carracosta
Carvanha,Carvanha,Carvanha,Kanivanha,Carvanha,샤프니아,キバニア,Carvanha
Cascoon,Blindalys,Cascoon,Panekon,Cascoon,카스쿤,マユルド,Cascoon
Castform,Morphéo,Castform,Formeo,Castform,캐스퐁,ポワルン,Castform
Castform,Morphéo,Castform,Formeo,Castform,캐스퐁,ポワルン,Castform
Castform,Morphéo,Castform,Formeo,Castform,캐스퐁,ポワルン,Castform
Castform,Morphéo,Castform,Formeo,Castform,캐스퐁,ポワルン,Castform
Castform,Morphéo,Castform,Formeo,Castform,캐스퐁,ポワルン,Castform
Caterpie,Chenipan,Caterpie,Raupy,Caterpie,캐터피,キャタピー,Caterpie
Celebi,Celebi,Celebi,Celebi,Celebi,세레비,セレビィ,Celebi
Celesteela,Bamboiselle,Celesteela,Kaguron,Celesteela,철화구야,テッカグヤ,Celesteela
Chandelure,Lugulabre,Chandelure,Skelabra,Chandelure,샹델라,シャンデラ,Chandelure
Chansey,Leveinard,Chansey,Chaneira,Chansey,럭키,ラッキー,Chansey
Charizard,Dracaufeu,Charizard,Glurak,Charizard,리자몽,リザードン,Charizard
Charizard,Dracaufeu,Charizard,Glurak,Charizard,리자몽,リザードン,Charizard
Charizard,Dracaufeu,Charizard,Glurak,Charizard,리자몽,リザードン,Charizard
Charjabug,Chrysapile,Charjabug,Akkup,Charjabug,전지충이,デンヂムシ,Charjabug
Charmander,Salamèche,Charmander,Glumanda,Charmander,파이리,ヒトカゲ,Charmander
Charmeleon,Reptincel,Charmeleon,Glutexo,Charmeleon,리자드,リザード,Charmeleon
Chatot,Pijako,Chatot,Plaudagei,Chatot,페라페,ペラップ,Chatot
Cherrim,Ceriflor,Cherrim,Kinoso,Cherrim,체리꼬,チェリム,Cherrim
Cherrim,Ceriflor,Cherrim,Kinoso,Cherrim,체리꼬,チェリム,Cherrim
Cherubi,Ceribou,Cherubi,Kikugi,Cherubi,체리버,チェリンボ,Cherubi
Chesnaught,Blindépique,Chesnaught,Brigaron,Chesnaught,브리가론,ブリガロン,Chesnaught
Chespin,Marisson,Chespin,Igamaro,Chespin,도치마론,ハリマロン,Chespin
Chikorita,Germignon,Chikorita,Endivie,Chikorita,치코리타,チコリータ,Chikorita
Chimchar,Ouisticram,Chimchar,Panflam,Chimchar,불꽃숭이,ヒコザル,Chimchar
Chimecho,Éoko,Chimecho,Palimpalim,Chimecho,치렁,チリーン,Chimecho
Chinchou,Loupio,Chinchou,Lampi,Chinchou,초라기,チョンチー,Chinchou
Chingling,Korillon,Chingling,Klingplim,Chingling,랑딸랑,リーシャン,Chingling
Cinccino,Pashmilla,Cinccino,Chillabell,Cinccino,치라치노,チラチーノ,Cinccino
Clamperl,Coquiperl,Clamperl,Perlu,Clamperl,진주몽,パールル,Clamperl
Clauncher,Flingouste,Clauncher,Scampisto,Clauncher,완철포,ウデッポウ,Clauncher
Clawitzer,Gamblast,Clawitzer,Wummer,Clawitzer,블로스터,ブロスター,Clawitzer
Claydol,Kaorine,Claydol,Lepumentas,Claydol,점토도리,ネンドール,Claydol
Clefable,Mélodelfe,Clefable,Pixi,Clefable,픽시,ピクシー,Clefable
Clefairy,Mélofée,Clefairy,Piepi,Clefairy,삐삐,ピッピ,Clefairy
Cleffa,Mélo,Cleffa,Pii,Cleffa,삐,ピィ,Cleffa
Cloyster,Crustabri,Cloyster,Austos,Cloyster,파르셀,パルシェン,Cloyster
Cobalion,Cobaltium,Cobalion,Kobalium,Cobalion,코바르온,コバルオン,Cobalion
Cofagrigus,Tutankafer,Cofagrigus,Echnatoll,Cofagrigus,데스니칸,デスカーン,Cofagrigus
Combee,Apitrini,Combee,Wadribie,Combee,세꿀버리,ミツハニー,Combee
Combusken,Galifeu,Combusken,Jungglut,Combusken,영치코,ワカシャモ,Combusken
Comfey,Guérilande,Comfey,Curelei,Comfey,큐아링,キュワワー,Comfey
Conkeldurr,Bétochef,Conkeldurr,Meistagrif,Conkeldurr,노보청,ローブシン,Conkeldurr
Corphish,Écrapince,Corphish,Krebscorps,Corphish,가재군,ヘイガニ,Corphish
Corsola,Corayon,Corsola,Corasonn,Corsola,코산호,サニーゴ,Corsola
Cosmoem,Cosmovum,Cosmoem,Cosmovum,Cosmoem,코스모움,コスモウム,Cosmoem
Cosmog,Cosmog,Cosmog,Cosmog,Cosmog,코스모그,コスモッグ,Cosmog
Cottonee,Doudouvet,Cottonee,Waumboll,Cottonee,소미안,モンメン,Cottonee
Crabominable,Crabominable,Crabominable,Krawell,Crabominable,모단단게,ケケンカニ,Crabominable
Crabrawler,Crabagarre,Crabrawler,Krabbox,Crabrawler,오기지게,マケンカニ,Crabrawler
Cradily,Vacilys,Cradily,Wielie,Cradily,릴리요,ユレイドル,Cradily
Cranidos,Kranidos,Cranidos,Koknodon,Cranidos,두개도스,ズガイドス,Cranidos
Crawdaunt,Colhomard,Crawdaunt,Krebutack,Crawdaunt,가재장군,シザリガー,Crawdaunt
Cresselia,Cresselia,Cresselia,Cresselia,Cresselia,크레세리아,クレセリア,Cresselia
Croagunk,Cradopaud,Croagunk,Glibunkel,Croagunk,삐딱구리,グレッグル,Croagunk
Crobat,Nostenfer,Crobat,Iksbat,Crobat,크로뱃,クロバット,Crobat
Croconaw,Crocrodil,Croconaw,Tyracroc,Croconaw,엘리게이,アリゲイツ,Croconaw
Crustle,Crabaraque,Crustle,Castellith,Crustle,암팰리스,イワパレス,Crustle
Cryogonal,Hexagel,Cryogonal,Frigometri,Cryogonal,프리지오,フリージオ,Cryogonal
Cubchoo,Polarhume,Cubchoo,Petznief,Cubchoo,코고미,クマシュン,Cubchoo
Cubone,Osselait,Cubone,Tragosso,Cubone,탕구리,カラカラ,Cubone
Cutiefly,Bombydou,Cutiefly,Wommel,Cutiefly,에블리,アブリー,Cutiefly
Cyndaquil,Héricendre,Cyndaquil,Feurigel,Cyndaquil,브케인,ヒノアラシ,Cyndaquil
Darkrai,Darkrai,Darkrai,Darkrai,Darkrai,다크라이,ダークライ,Darkrai
Darmanitan,Darumacho,Darmanitan,Flampivian,Darmanitan,불비달마,ヒヒダルマ,Darmanitan
Darmanitan,Darumacho,Darmanitan,Flampivian,Darmanitan,불비달마,ヒヒダルマ,Darmanitan
Darmanitan,Darumacho,Darmanitan,Flampivian,Darmanitan,불비달마,ヒヒダルマ,Darmanitan
Dartrix,Efflèche,Dartrix,Arboretoss,Dartrix,빼미스로우,フクスロー,Dartrix
Darumaka,Darumarond,Darumaka,Flampion,Darumaka,달막화,ダルマッカ,Darumaka
Decidueye,Archéduc,Decidueye,Silvarro,Decidueye,모크나이퍼,ジュナイパー,Decidueye
Dedenne,Dedenne,Dedenne,Dedenne,Dedenne,데덴네,デデンネ,Dedenne
Deerling,Vivaldaim,Deerling,Sesokitz,Deerling,사철록,シキジカ,Deerling
Deerling,Vivaldaim,Deerling,Sesokitz,Deerling,사철록,シキジカ,Deerling
Deerling,Vivaldaim,Deerling,Sesokitz,Deerling,사철록,シキジカ,Deerling
Deerling,Vivaldaim,Deerling,Sesokitz,Deerling,사철록,シキジカ,Deerling
Deino,Solochi,Deino,Kapuno,Deino,모노두,モノズ,Deino
Delcatty,Delcatty,Delcatty,Enekoro,Delcatty,델케티,エネコロロ,Delcatty
Delibird,Cadoizo,Delibird,Botogel,Delibird,딜리버드,デリバード,Delibird
Delphox,Goupelin,Delphox,Fennexis,Delphox,마폭시,マフォクシー,Delphox
Deoxys,Deoxys,Deoxys,Deoxys,Deoxys,테오키스,デオキシス,Deoxys
Deoxys,Deoxys,Deoxys,Deoxys,Deoxys,테오키스,デオキシス,Deoxys
Deoxys,Deoxys,Deoxys,Deoxys,Deoxys,테오키스,デオキシス,Deoxys
Deoxys,Deoxys,Deoxys,Deoxys,Deoxys,테오키스,デオキシス,Deoxys
Dewgong,Lamantine,Dewgong,Jugong,Dewgong,쥬레곤,ジュゴン,Dewgong
Dewott,Mateloutre,Dewott,Zwottronin,Dewott,쌍검자비,フタチマル,Dewott
Dewpider,Araqua,Dewpider,Araqua,Dewpider,물거미,シズクモ,Dewpider
Dhelmise,Sinistrail,Dhelmise,Moruda,Dhelmise,타타륜,ダダリン,Dhelmise
Dialga,Dialga,Dialga,Dialga,Dialga,디아루가,ディアルガ,Dialga
Diancie,Diancie,Diancie,Diancie,Diancie,디안시,ディアンシー,Diancie
Diancie,Diancie,Diancie,Diancie,Diancie,디안시,ディアンシー,Diancie
Diggersby,Excavarenne,Diggersby,Grebbit,Diggersby,파르토,ホルード,Diggersby
Diglett,Taupiqueur,Diglett,Digda,Diglett,디그다,ディグダ,Diglett
Diglett,Taupiqueur,Diglett,Digda,Diglett,디그다,ディグダ,Diglett
Ditto,Métamorph,Ditto,Ditto,Ditto,메타몽,メタモン,Ditto
Dodrio,Dodrio,Dodrio,Dodri,Dodrio,두트리오,ドードリオ,Dodrio
Doduo,Doduo,Doduo,Dodu,Doduo,두두,ドードー,Doduo
Donphan,Donphan,Donphan,Donphan,Donphan,코리갑,ドンファン,Donphan
Doublade,Dimoclès,Doublade,Duokles,Doublade,쌍검킬,ニダンギル,Doublade
Dragalge,Kravarech,Dragalge,Tandrak,Dragalge,드래캄,ドラミドロ,Dragalge
Dragonair,Draco,Dragonair,Dragonir,Dragonair,신뇽,ハクリュー,Dragonair
Dragonite,Dracolosse,Dragonite,Dragoran,Dragonite,망나뇽,カイリュー,Dragonite
Drampa,Draïeul,Drampa,Sen-Long,Drampa,할비롱,ジジーロン,Drampa
Drapion,Drascore,Drapion,Piondragi,Drapion,드래피온,ドラピオン,Drapion
Dratini,Minidraco,Dratini,Dratini,Dratini,미뇽,ミニリュウ,Dratini
Drifblim,Grodrive,Drifblim,Drifzepeli,Drifblim,둥실라이드,フワライド,Drifblim
Drifloon,Baudrive,Drifloon,Driftlon,Drifloon,흔들풍손,フワンテ,Drifloon
Drilbur,Rototaupe,Drilbur,Rotomurf,Drilbur,두더류,モグリュー,Drilbur
Drilbur,Rototaupe,Drilbur,Rotomurf,Drilbur,두더류,モグリュー,Drilbur
Drowzee,Soporifik,Drowzee,Traumato,Drowzee,슬리프,スリープ,Drowzee
Druddigon,Drakkarmin,Druddigon,Shardrago,Druddigon,크리만,クリムガン,Druddigon
Ducklett,Couaneton,Ducklett,Piccolente,Ducklett,꼬지보리,コアルヒー,Ducklett
Dugtrio,Triopikeur,Dugtrio,Digdri,Dugtrio,닥트리오,ダグトリオ,Dugtrio
Dugtrio,Triopikeur,Dugtrio,Digdri,Dugtrio,닥트리오,ダグトリオ,Dugtrio
Dunsparce,Insolourdo,Dunsparce,Dummisel,Dunsparce,노고치,ノコッチ,Dunsparce
Duosion,Méios,Duosion,Mitodos,Duosion,듀란,ダブラン,Duosion
Durant,Fermite,Durant,Fermicula,Durant,아이앤트,アイアント,Durant
Dusclops,Téraclope,Dusclops,Zwirrklop,Dusclops,미라몽,サマヨール,Dusclops
Dusknoir,Noctunoir,Dusknoir,Zwirrfinst,Dusknoir,야느와르몽,ヨノワール,Dusknoir
Duskull,Skelénox,Duskull,Zwirrlicht,Duskull,해골몽,ヨマワル,Duskull
Dustox,Papinox,Dustox,Pudox,Dustox,독케일,ドクケイル,Dustox
Dwebble,Crabicoque,Dwebble,Lithomith,Dwebble,돌살이,イシズマイ,Dwebble
Eelektrik,Lampéroie,Eelektrik,Zapplalek,Eelektrik,저리릴,シビビール,Eelektrik
Eelektross,Ohmassacre,Eelektross,Zapplarang,Eelektross,저리더프,シビルドン,Eelektross
Eevee,Évoli,Eevee,Evoli,Eevee,이브이,イーブイ,Eevee
Ekans,Abo,Ekans,Rettan,Ekans,아보,アーボ,Ekans
Electabuzz,Élektek,Electabuzz,Elektek,Electabuzz,에레브,エレブー,Electabuzz
Electivire,Élekable,Electivire,Elevoltek,Electivire,에레키블,エレキブル,Electivire
Electrike,Dynavolt,Electrike,Frizelbliz,Electrike,썬더라이,ラクライ,Electrike
Electrode,Électrode,Electrode,Lektrobal,Electrode,붐볼,マルマイン,Electrode
Elekid,Élekid,Elekid,Elekid,Elekid,에레키드,エレキッド,Elekid
Elgyem,Lewsor,Elgyem,Pygraulon,Elgyem,리그레,リグレー,Elgyem
Emboar,Roitiflam,Emboar,Flambirex,Emboar,염무왕,エンブオー,Emboar
Emolga,Emolga,Emolga,Emolga,Emolga,에몽가,エモンガ,Emolga
Empoleon,Pingoléon,Empoleon,Impoleon,Empoleon,엠페르트,エンペルト,Empoleon
Entei,Entei,Entei,Entei,Entei,앤테이,エンテイ,Entei
Escavalier,Lançargot,Escavalier,Cavalanzas,Escavalier,슈바르고,シュバルゴ,Escavalier
Espeon,Mentali,Espeon,Psiana,Espeon,에브이,エーフィ,Espeon
Espurr,Psystigri,Espurr,Psiau,Espurr,냐스퍼,ニャスパー,Espurr
Excadrill,Minotaupe,Excadrill,Stalobor,Excadrill,몰드류,ドリュウズ,Excadrill
Exeggcute,Noeunoeuf,Exeggcute,Owei,Exeggcute,아라리,タマタマ,Exeggcute
Exeggcute,Noeunoeuf,Exeggcute,Owei,Exeggcute,아라리,タマタマ,Exeggcute
Exeggcute,Noeunoeuf,Exeggcute,Owei,Exeggcute,아라리,タマタマ,Exeggcute
Exeggutor,Noadkoko,Exeggutor,Kokowei,Exeggutor,나시,ナッシー,Exeggutor
Exeggutor,Noadkoko,Exeggutor,Kokowei,Exeggutor,나시,ナッシー,Exeggutor
Exploud,Brouhabam,Exploud,Krawumms,Exploud,폭음룡,バクオング,Exploud
Farfetch’d,Canarticho,Farfetch’d,Porenta,Farfetch’d,파오리,カモネギ,Farfetch’d
Fearow,Rapasdepic,Fearow,Ibitak,Fearow,깨비드릴조,オニドリル,Fearow
Feebas,Barpau,Feebas,Barschwa,Feebas,빈티나,ヒンバス,Feebas
Fennekin,Feunnec,Fennekin,Fynx,Fennekin,푸호꼬,フォッコ,Fennekin
Feraligatr,Aligatueur,Feraligatr,Impergator,Feraligatr,장크로다일,オーダイル,Feraligatr
Ferroseed,Grindur,Ferroseed,Kastadur,Ferroseed,철시드,テッシード,Ferroseed
Ferrothorn,Noacier,Ferrothorn,Tentantel,Ferrothorn,너트령,ナットレイ,Ferrothorn
Finneon,Écayon,Finneon,Finneon,Finneon,형광어,ケイコウオ,Finneon
Flaaffy,Lainergie,Flaaffy,Waaty,Flaaffy,보송송,モココ,Flaaffy
Flabébé,Flabébé,Flabébé,Flabébé,Flabébé,플라베베,フラベベ,Flabébé
Flabébé,Flabébé,Flabébé,Flabébé,Flabébé,플라베베,フラベベ,Flabébé
Flabébé,Flabébé,Flabébé,Flabébé,Flabébé,플라베베,フラベベ,Flabébé
Flabébé,Flabébé,Flabébé,Flabébé,Flabébé,플라베베,フラベベ,Flabébé
Flabébé,Flabébé,Flabébé,Flabébé,Flabébé,플라베베,フラベベ,Flabébé
Flareon,Pyroli,Flareon,Flamara,Flareon,부스터,ブースター,Flareon
Fletchinder,Braisillon,Fletchinder,Dartignis,Fletchinder,불화살빈,ヒノヤコマ,Fletchinder
Fletchling,Passerouge,Fletchling,Dartiri,Fletchling,화살꼬빈,ヤヤコマ,Fletchling
Floatzel,Mustéflott,Floatzel,Bojelin,Floatzel,플로젤,フローゼル,Floatzel
Floette,Floette,Floette,Floette,Floette,플라엣테,フラエッテ,Floette
Floette,Floette,Floette,Floette,Floette,플라엣테,フラエッテ,Floette
Floette,Floette,Floette,Floette,Floette,플라엣테,フラエッテ,Floette
Floette,Floette,Floette,Floette,Floette,플라엣테,フラエッテ,Floette
Floette,Floette,Floette,Floette,Floette,플라엣테,フラエッテ,Floette
Florges,Florges,Florges,Florges,Florges,플라제스,フラージェス,Florges
Florges,Florges,Florges,Florges,Florges,플라제스,フラージェス,Florges
Florges,Florges,Florges,Florges,Florges,플라제스,フラージェス,Florges
Florges,Florges,Florges,Florges,Florges,플라제스,フラージェス,Florges
Florges,Florges,Florges,Florges,Florges,플라제스,フラージェス,Florges
Flygon,Libégon,Flygon,Libelldra,Flygon,플라이곤,フライゴン,Flygon
Fomantis,Mimantis,Fomantis,Imantis,Fomantis,짜랑랑,カリキリ,Fomantis
Foongus,Trompignon,Foongus,Tarnpignon,Foongus,깜놀버슬,タマゲタケ,Foongus
Forretress,Foretress,Forretress,Forstellka,Forretress,쏘콘,フォレトス,Forretress
Fraxure,Incisache,Fraxure,Sharfax,Fraxure,액슨도,オノンド,Fraxure
Frillish,Viskuse,Frillish,Quabbel,Frillish,탱그릴,プルリル,Frillish
Froakie,Grenousse,Froakie,Froxy,Froakie,개구마르,ケロマツ,Froakie
Frogadier,Croâporal,Frogadier,Amphizel,Frogadier,개굴반장,ゲコガシラ,Frogadier
Froslass,Momartik,Froslass,Frosdedje,Froslass,눈여아,ユキメノコ,Froslass
Furfrou,Couafarel,Furfrou,Coiffwaff,Furfrou,트리미앙,トリミアン,Furfrou
Furfrou,Couafarel,Furfrou,Coiffwaff,Furfrou,트리미앙,トリミアン,Furfrou
Furfrou,Couafarel,Furfrou,Coiffwaff,Furfrou,트리미앙,トリミアン,Furfrou
Furfrou,Couafarel,Furfrou,Coiffwaff,Furfrou,트리미앙,トリミアン,Furfrou
Furfrou,Couafarel,Furfrou,Coiffwaff,Furfrou,트리미앙,トリミアン,Furfrou
Furfrou,Couafarel,Furfrou,Coiffwaff,Furfrou,트리미앙,トリミアン,Furfrou
Furfrou,Couafarel,Furfrou,Coiffwaff,Furfrou,트리미앙,トリミアン,Furfrou
Furfrou,Couafarel,Furfrou,Coiffwaff,Furfrou,트리미앙,トリミアン,Furfrou
Furfrou,Couafarel,Furfrou,Coiffwaff,Furfrou,트리미앙,トリミアン,Furfrou
Furfrou,Couafarel,Furfrou,Coiffwaff,Furfrou,트리미앙,トリミアン,Furfrou
Furret,Fouinar,Furret,Wiesenior,Furret,다꼬리,オオタチ,Furret
Gabite,Carmache,Gabite,Knarksel,Gabite,한바이트,ガバイト,Gabite
Gallade,Gallame,Gallade,Galagladi,Gallade,엘레이드,エルレイド,Gallade
Gallade,Gallame,Gallade,Galagladi,Gallade,엘레이드,エルレイド,Gallade
Galvantula,Mygavolt,Galvantula,Voltula,Galvantula,전툴라,デンチュラ,Galvantula
Garbodor,Miasmax,Garbodor,Deponitox,Garbodor,더스트나,ダストダス,Garbodor
Garbodor,Miasmax,Garbodor,Deponitox,Garbodor,더스트나,ダストダス,Garbodor
Garbodor,Miasmax,Garbodor,Deponitox,Garbodor,더스트나,ダストダス,Garbodor
Garbodor,Miasmax,Garbodor,Deponitox,Garbodor,더스트나,ダストダス,Garbodor
Garchomp,Carchacrok,Garchomp,Knakrack,Garchomp,한카리아스,ガブリアス,Garchomp
Garchomp,Carchacrok,Garchomp,Knakrack,Garchomp,한카리아스,ガブリアス,Garchomp
Gardevoir,Gardevoir,Gardevoir,Guardevoir,Gardevoir,가디안,サーナイト,Gardevoir
Gardevoir,Gardevoir,Gardevoir,Guardevoir,Gardevoir,가디안,サーナイト,Gardevoir
Gastly,Fantominus,Gastly,Nebulak,Gastly,고오스,ゴース,Gastly
Gastrodon,Tritosor,Gastrodon,Gastrodon,Gastrodon,트리토돈,トリトドン,Gastrodon
Gastrodon,Tritosor,Gastrodon,Gastrodon,Gastrodon,트리토돈,トリトドン,Gastrodon
Genesect,Genesect,Genesect,Genesect,Genesect,게노세크트,ゲノセクト,Genesect
Genesect,Genesect,Genesect,Genesect,Genesect,게노세크트,ゲノセクト,Genesect
Genesect,Genesect,Genesect,Genesect,Genesect,게노세크트,ゲノセクト,Genesect
Genesect,Genesect,Genesect,Genesect,Genesect,게노세크트,ゲノセクト,Genesect
Genesect,Genesect,Genesect,Genesect,Genesect,게노세크트,ゲノセクト,Genesect
Gengar,Ectoplasma,Gengar,Gengar,Gengar,팬텀,ゲンガー,Gengar
Gengar,Ectoplasma,Gengar,Gengar,Gengar,팬텀,ゲンガー,Gengar
Geodude,Racaillou,Geodude,Kleinstein,Geodude,꼬마돌,イシツブテ,Geodude
Geodude,Racaillou,Geodude,Kleinstein,Geodude,꼬마돌,イシツブテ,Geodude
Gible,Griknot,Gible,Kaumalat,Gible,딥상어동,フカマル,Gible
Gigalith,Gigalithe,Gigalith,Brockoloss,Gigalith,기가이어스,ギガイアス,Gigalith
Girafarig,Girafarig,Girafarig,Girafarig,Girafarig,키링키,キリンリキ,Girafarig
Giratina,Giratina,Giratina,Giratina,Giratina,기라티나,ギラティナ,Giratina
Giratina,Giratina,Giratina,Giratina,Giratina,기라티나,ギラティナ,Giratina
Glaceon,Givrali,Glaceon,Glaziola,Glaceon,글레이시아,グレイシア,Glaceon
Glalie,Oniglali,Glalie,Firnontor,Glalie,얼음귀신,オニゴーリ,Glalie
Glalie,Oniglali,Glalie,Firnontor,Glalie,얼음귀신,オニゴーリ,Glalie
Glameow,Chaglam,Glameow,Charmian,Glameow,나옹마,ニャルマー,Glameow
Gligar,Scorplane,Gligar,Skorgla,Gligar,글라이거,グライガー,Gligar
Gliscor,Scorvol,Gliscor,Skorgro,Gliscor,글라이온,グライオン,Gliscor
Gloom,Ortide,Gloom,Duflor,Gloom,냄새꼬,クサイハナ,Gloom
Gogoat,Chevroum,Gogoat,Chevrumm,Gogoat,고고트,ゴーゴート,Gogoat
Golbat,Nosferalto,Golbat,Golbat,Golbat,골뱃,ゴルバット,Golbat
Goldeen,Poissirène,Goldeen,Goldini,Goldeen,콘치,トサキント,Goldeen
Golduck,Akwakwak,Golduck,Entoron,Golduck,골덕,ゴルダック,Golduck
Golem,Grolem,Golem,Geowaz,Golem,딱구리,ゴローニャ,Golem
Golem,Grolem,Golem,Geowaz,Golem,딱구리,ゴローニャ,Golem
Golett,Gringolem,Golett,Golbit,Golett,골비람,ゴビット,Golett
Golisopod,Sarmuraï,Golisopod,Tectass,Golisopod,갑주무사,グソクムシャ,Golisopod
Golurk,Golemastoc,Golurk,Golgantes,Golurk,골루그,ゴルーグ,Golurk
Goodra,Muplodocus,Goodra,Viscogon,Goodra,미끄래곤,ヌメルゴン,Goodra
Goomy,Mucuscule,Goomy,Viscora,Goomy,미끄메라,ヌメラ,Goomy
Gorebyss,Rosabyss,Gorebyss,Saganabyss,Gorebyss,분홍장이,サクラビス,Gorebyss
Gothita,Scrutella,Gothita,Mollimorba,Gothita,고디탱,ゴチム,Gothita
Gothitelle,Sidérella,Gothitelle,Morbitesse,Gothitelle,고디모아젤,ゴチルゼル,Gothitelle
Gothorita,Mesmérella,Gothorita,Hypnomorba,Gothorita,고디보미,ゴチミル,Gothorita
Gourgeist,Banshitrouye,Gourgeist,Pumpdjinn,Gourgeist,펌킨인,パンプジン,Gourgeist
Gourgeist,Banshitrouye,Gourgeist,Pumpdjinn,Gourgeist,펌킨인,パンプジン,Gourgeist
Gourgeist,Banshitrouye,Gourgeist,Pumpdjinn,Gourgeist,펌킨인,パンプジン,Gourgeist
Gourgeist,Banshitrouye,Gourgeist,Pumpdjinn,Gourgeist,펌킨인,パンプジン,Gourgeist
Granbull,Granbull,Granbull,Granbull,Granbull,그랑블루,グランブル,Granbull
Graveler,Gravalanch,Graveler,Georok,Graveler,데구리,ゴローン,Graveler
Graveler,Gravalanch,Graveler,Georok,Graveler,데구리,ゴローン,Graveler
Graveler,Gravalanch,Graveler,Georok,Graveler,데구리,ゴローン,Graveler
Greninja,Amphinobi,Greninja,Quajutsu,Greninja,개굴닌자,ゲッコウガ,Greninja
Greninja,Amphinobi,Greninja,Quajutsu,Greninja,개굴닌자,ゲッコウガ,Greninja
Grimer,Tadmorv,Grimer,Sleima,Grimer,질퍽이,ベトベター,Grimer
Grimer,Tadmorv,Grimer,Sleima,Grimer,질퍽이,ベトベター,Grimer
Grotle,Boskara,Grotle,Chelcarain,Grotle,수풀부기,ハヤシガメ,Grotle
Groudon,Groudon,Groudon,Groudon,Groudon,그란돈,グラードン,Groudon
Groudon,Groudon,Groudon,Groudon,Groudon,그란돈,グラードン,Groudon
Grovyle,Massko,Grovyle,Reptain,Grovyle,나무돌이,ジュプトル,Grovyle
Growlithe,Caninos,Growlithe,Fukano,Growlithe,가디,ガーディ,Growlithe
Grubbin,Larvibule,Grubbin,Mabula,Grubbin,턱지충이,アゴジムシ,Grubbin
Grumpig,Groret,Grumpig,Groink,Grumpig,피그킹,ブーピッグ,Grumpig
Gulpin,Gloupti,Gulpin,Schluppuck,Gulpin,꼴깍몬,ゴクリン,Gulpin
Gumshoos,Argouste,Gumshoos,Manguspektor,Gumshoos,형사구스,デカグース,Gumshoos
Gurdurr,Ouvrifier,Gurdurr,Strepoli,Gurdurr,토쇠골,ドテッコツ,Gurdurr
Guzzlord,Engloutyran,Guzzlord,Schlingking,Guzzlord,악식킹,アクジキング,Guzzlord
Gyarados,Léviator,Gyarados,Garados,Gyarados,갸라도스,ギャラドス,Gyarados
Gyarados,Léviator,Gyarados,Garados,Gyarados,갸라도스,ギャラドス,Gyarados
Hakamo-o,Écaïd,Hakamo-o,Mediras,Hakamo-o,짜랑고우,ジャランゴ,Hakamo-o
Happiny,Ptiravi,Happiny,Wonneira,Happiny,핑복,ピンプク,Happiny
Hariyama,Hariyama,Hariyama,Hariyama,Hariyama,하리뭉,ハリテヤマ,Hariyama
Haunter,Spectrum,Haunter,Alpollo,Haunter,고우스트,ゴースト,Haunter
Hawlucha,Brutalibré,Hawlucha,Resladero,Hawlucha,루차불,ルチャブル,Hawlucha
Haxorus,Tranchodon,Haxorus,Maxax,Haxorus,액스라이즈,オノノクス,Haxorus
Heatmor,Aflamanoir,Heatmor,Furnifraß,Heatmor,앤티골,クイタラン,Heatmor
Heatran,Heatran,Heatran,Heatran,Heatran,히드런,ヒードラン,Heatran
Heliolisk,Iguolta,Heliolisk,Elezard,Heliolisk,일레도리자드,エレザード,Heliolisk
Helioptile,Galvaran,Helioptile,Eguana,Helioptile,목도리키텔,エリキテル,Helioptile
Heracross,Scarhino,Heracross,Skaraborn,Heracross,헤라크로스,ヘラクロス,Heracross
Heracross,Scarhino,Heracross,Skaraborn,Heracross,헤라크로스,ヘラクロス,Heracross
Herdier,Ponchien,Herdier,Terribark,Herdier,하데리어,ハーデリア,Herdier
Hippopotas,Hippopotas,Hippopotas,Hippopotas,Hippopotas,히포포타스,ヒポポタス,Hippopotas
Hippowdon,Hippodocus,Hippowdon,Hippoterus,Hippowdon,하마돈,カバルドン,Hippowdon
Hitmonchan,Tygnon,Hitmonchan,Nockchan,Hitmonchan,홍수몬,エビワラー,Hitmonchan
Hitmonlee,Kicklee,Hitmonlee,Kicklee,Hitmonlee,시라소몬,サワムラー,Hitmonlee
Hitmontop,Kapoera,Hitmontop,Kapoera,Hitmontop,카포에라,カポエラー,Hitmontop
Honchkrow,Corboss,Honchkrow,Kramshef,Honchkrow,돈크로우,ドンカラス,Honchkrow
Honedge,Monorpale,Honedge,Gramokles,Honedge,단칼빙,ヒトツキ,Honedge
Hoopa,Hoopa,Hoopa,Hoopa,Hoopa,후파,フーパ,Hoopa
Hoopa,Hoopa,Hoopa,Hoopa,Hoopa,후파,フーパ,Hoopa
Hoothoot,Hoothoot,Hoothoot,Hoothoot,Hoothoot,부우부,ホーホー,Hoothoot
Hoppip,Granivol,Hoppip,Hoppspross,Hoppip,통통코,ハネッコ,Hoppip
Horsea,Hypotrempe,Horsea,Seeper,Horsea,쏘드라,タッツー,Horsea
Houndoom,Démolosse,Houndoom,Hundemon,Houndoom,헬가,ヘルガー,Houndoom
Houndoom,Démolosse,Houndoom,Hundemon,Houndoom,헬가,ヘルガー,Houndoom
Houndour,Malosse,Houndour,Hunduster,Houndour,델빌,デルビル,Houndour
Ho-Oh,Ho-Oh,Ho-Oh,Ho-Oh,Ho-Oh,칠색조,ホウオウ,Ho-Oh
Huntail,Serpang,Huntail,Aalabyss,Huntail,헌테일,ハンテール,Huntail
Hydreigon,Trioxhydre,Hydreigon,Trikephalo,Hydreigon,삼삼드래,サザンドラ,Hydreigon
Hypno,Hypnomade,Hypno,Hypno,Hypno,슬리퍼,スリーパー,Hypno
Igglybuff,Toudoudou,Igglybuff,Fluffeluff,Igglybuff,푸푸린,ププリン,Igglybuff
Illumise,Lumivole,Illumise,Illumise,Illumise,네오비트,イルミーゼ,Illumise
Incineroar,Félinferno,Incineroar,Fuegro,Incineroar,어흥염,ガオガエン,Incineroar
Infernape,Simiabraz,Infernape,Panferno,Infernape,초염몽,ゴウカザル,Infernape
Inkay,Sepiatop,Inkay,Iscalar,Inkay,오케이징,マーイーカ,Inkay
Ivysaur,Herbizarre,Ivysaur,Bisaknosp,Ivysaur,이상해풀,フシギソウ,Ivysaur
Jangmo-o,Bébécaille,Jangmo-o,Miniras,Jangmo-o,짜랑꼬,ジャラコ,Jangmo-o
Jellicent,Moyade,Jellicent,Apoquallyp,Jellicent,탱탱겔,ブルンゲル,Jellicent
Jigglypuff,Rondoudou,Jigglypuff,Pummeluff,Jigglypuff,푸린,プリン,Jigglypuff
Jirachi,Jirachi,Jirachi,Jirachi,Jirachi,지라치,ジラーチ,Jirachi
Jolteon,Voltali,Jolteon,Blitza,Jolteon,쥬피썬더,サンダース,Jolteon
Joltik,Statitik,Joltik,Wattzapf,Joltik,파쪼옥,バチュル,Joltik
Jumpluff,Cotovol,Jumpluff,Papungha,Jumpluff,솜솜코,ワタッコ,Jumpluff
Jynx,Lippoutou,Jynx,Rossana,Jynx,루주라,ルージュラ,Jynx
Kabuto,Kabuto,Kabuto,Kabuto,Kabuto,투구,カブト,Kabuto
Kabutops,Kabutops,Kabutops,Kabutops,Kabutops,투구푸스,カブトプス,Kabutops
Kadabra,Kadabra,Kadabra,Kadabra,Kadabra,윤겔라,ユンゲラー,Kadabra
Kakuna,Coconfort,Kakuna,Kokuna,Kakuna,딱충이,コクーン,Kakuna
Kangaskhan,Kangourex,Kangaskhan,Kangama,Kangaskhan,캥카,ガルーラ,Kangaskhan
Kangaskhan,Kangourex,Kangaskhan,Kangama,Kangaskhan,캥카,ガルーラ,Kangaskhan
Karrablast,Carabing,Karrablast,Laukaps,Karrablast,딱정곤,カブルモ,Karrablast
Kartana,Katagami,Kartana,Katagami,Kartana,종이신도,カミツルギ,Kartana
Kecleon,Kecleon,Kecleon,Kecleon,Kecleon,켈리몬,カクレオン,Kecleon
Keldeo,Keldeo,Keldeo,Keldeo,Keldeo,케르디오,ケルディオ,Keldeo
Keldeo,Keldeo,Keldeo,Keldeo,Keldeo,케르디오,ケルディオ,Keldeo
Kingdra,Hyporoi,Kingdra,Seedraking,Kingdra,킹드라,キングドラ,Kingdra
Kingler,Krabboss,Kingler,Kingler,Kingler,킹크랩,キングラー,Kingler
Kirlia,Kirlia,Kirlia,Kirlia,Kirlia,킬리아,キルリア,Kirlia
Klang,Clic,Klang,Kliklak,Klang,기기어르,ギギアル,Klang
Klefki,Trousselin,Klefki,Clavion,Klefki,클레피,クレッフィ,Klefki
Klink,Tic,Klink,Klikk,Klink,기어르,ギアル,Klink
Klinklang,Cliticlic,Klinklang,Klikdiklak,Klinklang,기기기어르,ギギギアル,Klinklang
Koffing,Smogo,Koffing,Smogon,Koffing,또가스,ドガース,Koffing
Komala,Dodoala,Komala,Koalelu,Komala,자말라,ネッコアラ,Komala
Kommo-o,Ékaïser,Kommo-o,Grandiras,Kommo-o,짜랑고우거,ジャラランガ,Kommo-o
Krabby,Krabby,Krabby,Krabby,Krabby,크랩,クラブ,Krabby
Kricketot,Crikzik,Kricketot,Zirpurze,Kricketot,귀뚤뚜기,コロボーシ,Kricketot
Kricketune,Mélokrik,Kricketune,Zirpeise,Kricketune,귀뚤톡크,コロトック,Kricketune
Krokorok,Escroco,Krokorok,Rokkaiman,Krokorok,악비르,ワルビル,Krokorok
Krookodile,Crocorible,Krookodile,Rabigator,Krookodile,악비아르,ワルビアル,Krookodile
Kyogre,Kyogre,Kyogre,Kyogre,Kyogre,가이오가,カイオーガ,Kyogre
Kyogre,Kyogre,Kyogre,Kyogre,Kyogre,가이오가,カイオーガ,Kyogre
Kyurem,Kyurem,Kyurem,Kyurem,Kyurem,큐레무,キュレム,Kyurem
Kyurem,Kyurem,Kyurem,Kyurem,Kyurem,큐레무,キュレム,Kyurem
Kyurem,Kyurem,Kyurem,Kyurem,Kyurem,큐레무,キュレム,Kyurem
Lairon,Galegon,Lairon,Stollrak,Lairon,갱도라,コドラ,Lairon
Lampent,Mélancolux,Lampent,Laternecto,Lampent,램프라,ランプラー,Lampent
Landorus,Démétéros,Landorus,Demeteros,Landorus,랜드로스,ランドロス,Landorus
Landorus,Démétéros,Landorus,Demeteros,Landorus,랜드로스,ランドロス,Landorus
Lanturn,Lanturn,Lanturn,Lanturn,Lanturn,랜턴,ランターン,Lanturn
Lapras,Lokhlass,Lapras,Lapras,Lapras,라프라스,ラプラス,Lapras
Larvesta,Pyronille,Larvesta,Ignivor,Larvesta,활화르바,メラルバ,Larvesta
Larvitar,Embrylex,Larvitar,Larvitar,Larvitar,애버라스,ヨーギラス,Larvitar
Latias,Latias,Latias,Latias,Latias,라티아스,ラティアス,Latias
Latias,Latias,Latias,Latias,Latias,라티아스,ラティアス,Latias
Latios,Latios,Latios,Latios,Latios,라티오스,ラティオス,Latios
Latios,Latios,Latios,Latios,Latios,라티오스,ラティオス,Latios
Leafeon,Phyllali,Leafeon,Folipurba,Leafeon,리피아,リーフィア,Leafeon
Leavanny,Manternel,Leavanny,Matrifol,Leavanny,모아머,ハハコモリ,Leavanny
Ledian,Coxyclaque,Ledian,Ledian,Ledian,레디안,レディアン,Ledian
Ledyba,Coxy,Ledyba,Ledyba,Ledyba,레디바,レディバ,Ledyba
Lickilicky,Coudlangue,Lickilicky,Schlurplek,Lickilicky,내룸벨트,ベロベルト,Lickilicky
Lickitung,Excelangue,Lickitung,Schlurp,Lickitung,내루미,ベロリンガ,Lickitung
Liepard,Léopardus,Liepard,Kleoparda,Liepard,레파르다스,レパルダス,Liepard
Lileep,Lilia,Lileep,Liliep,Lileep,릴링,リリーラ,Lileep
Lilligant,Fragilady,Lilligant,Dressella,Lilligant,드레디어,ドレディア,Lilligant
Lillipup,Ponchiot,Lillipup,Yorkleff,Lillipup,요테리,ヨーテリー,Lillipup
Linoone,Linéon,Linoone,Geradaks,Linoone,직구리,マッスグマ,Linoone
Litleo,Hélionceau,Litleo,Leufeo,Litleo,레오꼬,シシコ,Litleo
Litten,Flamiaou,Litten,Flamiau,Litten,냐오불,ニャビー,Litten
Litwick,Funécire,Litwick,Lichtel,Litwick,불켜미,ヒトモシ,Litwick
Lombre,Lombre,Lombre,Lombrero,Lombre,로토스,ハスブレロ,Lombre
Lopunny,Lockpin,Lopunny,Schlapor,Lopunny,이어롭,ミミロップ,Lopunny
Lopunny,Lockpin,Lopunny,Schlapor,Lopunny,이어롭,ミミロップ,Lopunny
Lotad,Nénupiot,Lotad,Loturzel,Lotad,연꽃몬,ハスボー,Lotad
Loudred,Ramboum,Loudred,Krakeelo,Loudred,노공룡,ドゴーム,Loudred
Lucario,Lucario,Lucario,Lucario,Lucario,루카리오,ルカリオ,Lucario
Lucario,Lucario,Lucario,Lucario,Lucario,루카리오,ルカリオ,Lucario
Ludicolo,Ludicolo,Ludicolo,Kappalores,Ludicolo,로파파,ルンパッパ,Ludicolo
Lugia,Lugia,Lugia,Lugia,Lugia,루기아,ルギア,Lugia
Lumineon,Luminéon,Lumineon,Lumineon,Lumineon,네오라이트,ネオラント,Lumineon
Lunala,Lunala,Lunala,Lunala,Lunala,루나아라,ルナアーラ,Lunala
Lunatone,Séléroc,Lunatone,Lunastein,Lunatone,루나톤,ルナトーン,Lunatone
Lurantis,Floramantis,Lurantis,Mantidea,Lurantis,라란티스,ラランテス,Lurantis
Luvdisc,Lovdisc,Luvdisc,Liebiskus,Luvdisc,사랑동이,ラブカス,Luvdisc
Luxio,Luxio,Luxio,Luxio,Luxio,럭시오,ルクシオ,Luxio
Luxray,Luxray,Luxray,Luxtra,Luxray,렌트라,レントラー,Luxray
Lycanroc,Lougaroc,Lycanroc,Wolwerock,Lycanroc,루가루암,ルガルガン,Lycanroc
Lycanroc,Lougaroc,Lycanroc,Wolwerock,Lycanroc,루가루암,ルガルガン,Lycanroc
Lycanroc,Lougaroc,Lycanroc,Wolwerock,Lycanroc,루가루암,ルガルガン,Lycanroc
Machamp,Mackogneur,Machamp,Machomei,Machamp,괴력몬,カイリキー,Machamp
Machoke,Machopeur,Machoke,Maschock,Machoke,근육몬,ゴーリキー,Machoke
Machop,Machoc,Machop,Machollo,Machop,알통몬,ワンリキー,Machop
Magby,Magby,Magby,Magby,Magby,마그비,ブビィ,Magby
Magcargo,Volcaropod,Magcargo,Magcargo,Magcargo,마그카르고,マグカルゴ,Magcargo
Magearna,Magearna,Magearna,Magearna,Magearna,마기아나,マギアナ,Magearna
Magikarp,Magicarpe,Magikarp,Karpador,Magikarp,잉어킹,コイキング,Magikarp
Magmar,Magmar,Magmar,Magmar,Magmar,마그마,ブーバー,Magmar
Magmortar,Maganon,Magmortar,Magbrant,Magmortar,마그마번,ブーバーン,Magmortar
Magnemite,Magnéti,Magnemite,Magnetilo,Magnemite,코일,コイル,Magnemite
Magneton,Magnéton,Magneton,Magneton,Magneton,레어코일,レアコイル,Magneton
Magnezone,Magnézone,Magnezone,Magnezone,Magnezone,자포코일,ジバコイル,Magnezone
Makuhita,Makuhita,Makuhita,Makuhita,Makuhita,마크탕,マクノシタ,Makuhita
Malamar,Sepiatroce,Malamar,Calamanero,Malamar,칼라마네로,カラマネロ,Malamar
Mamoswine,Mammochon,Mamoswine,Mamutel,Mamoswine,맘모꾸리,マンムー,Mamoswine
Manaphy,Manaphy,Manaphy,Manaphy,Manaphy,마나피,マナフィ,Manaphy
Mandibuzz,Vaututrice,Mandibuzz,Grypheldis,Mandibuzz,버랜지나,バルジーナ,Mandibuzz
Manectric,Élecsprint,Manectric,Voltenso,Manectric,썬더볼트,ライボルト,Manectric
Manectric,Élecsprint,Manectric,Voltenso,Manectric,썬더볼트,ライボルト,Manectric
Mankey,Férosinge,Mankey,Menki,Mankey,망키,マンキー,Mankey
Mantine,Démanta,Mantine,Mantax,Mantine,만타인,マンタイン,Mantine
Mantyke,Babimanta,Mantyke,Mantirps,Mantyke,타만타,タマンタ,Mantyke
Maractus,Maracachi,Maractus,Maracamba,Maractus,마라카치,マラカッチ,Maractus
Mareanie,Vorastérie,Mareanie,Garstella,Mareanie,시마사리,ヒドイデ,Mareanie
Mareep,Wattouat,Mareep,Voltilamm,Mareep,메리프,メリープ,Mareep
Marill,Marill,Marill,Marill,Marill,마릴,マリル,Marill
Marowak,Ossatueur,Marowak,Knogga,Marowak,텅구리,ガラガラ,Marowak
Marowak,Ossatueur,Marowak,Knogga,Marowak,텅구리,ガラガラ,Marowak
Marshadow,Marshadow,Marshadow,Marshadow,Marshadow,마샤도,マーシャドー,Marshadow
Marshtomp,Flobio,Marshtomp,Moorabbel,Marshtomp,늪짱이,ヌマクロー,Marshtomp
Masquerain,Maskadra,Masquerain,Maskeregen,Masquerain,비나방,アメモース,Masquerain
Mawile,Mysdibule,Mawile,Flunkifer,Mawile,입치트,クチート,Mawile
Mawile,Mysdibule,Mawile,Flunkifer,Mawile,입치트,クチート,Mawile
Medicham,Charmina,Medicham,Meditalis,Medicham,요가램,チャーレム,Medicham
Medicham,Charmina,Medicham,Meditalis,Medicham,요가램,チャーレム,Medicham
Meditite,Méditikka,Meditite,Meditie,Meditite,요가랑,アサナン,Meditite
Meganium,Méganium,Meganium,Meganie,Meganium,메가니움,メガニウム,Meganium
Melmetal,Melmetal,Melmetal,Melmetal,Melmetal,멜메탈,メルメタル,Melmetal
Meloetta,Meloetta,Meloetta,Meloetta,Meloetta,메로엣타,メロエッタ,Meloetta
Meloetta,Meloetta,Meloetta,Meloetta,Meloetta,메로엣타,メロエッタ,Meloetta
Meltan,Meltan,Meltan,Meltan,Meltan,멜탄,メルタン,Meltan
Meowstic,Mistigrix,Meowstic,Psiaugon,Meowstic,냐오닉스,ニャオニクス,Meowstic
Meowstic,Mistigrix,Meowstic,Psiaugon,Meowstic,냐오닉스,ニャオニクス,Meowstic
Meowth,Miaouss,Meowth,Mauzi,Meowth,나옹,ニャース,Meowth
Meowth,Miaouss,Meowth,Mauzi,Meowth,나옹,ニャース,Meowth
Mesprit,Créfollet,Mesprit,Vesprit,Mesprit,엠라이트,エムリット,Mesprit
Metagross,Métalosse,Metagross,Metagross,Metagross,메타그로스,メタグロス,Metagross
Metagross,Métalosse,Metagross,Metagross,Metagross,메타그로스,メタグロス,Metagross
Metang,Métang,Metang,Metang,Metang,메탕구,メタング,Metang
Metapod,Chrysacier,Metapod,Safcon,Metapod,단데기,トランセル,Metapod
Mew,Mew,Mew,Mew,Mew,뮤,ミュウ,Mew
Mewtwo,Mewtwo,Mewtwo,Mewtu,Mewtwo,뮤츠,ミュウツー,Mewtwo
Mewtwo,Mewtwo,Mewtwo,Mewtu,Mewtwo,뮤츠,ミュウツー,Mewtwo
Mewtwo,Mewtwo,Mewtwo,Mewtu,Mewtwo,뮤츠,ミュウツー,Mewtwo
Mienfoo,Kungfouine,Mienfoo,Lin-Fu,Mienfoo,비조푸,コジョフー,Mienfoo
Mienshao,Shaofouine,Mienshao,Wie-Shu,Mienshao,비조도,コジョンド,Mienshao
Mightyena,Grahyèna,Mightyena,Magnayen,Mightyena,그라에나,グラエナ,Mightyena
Milotic,Milobellus,Milotic,Milotic,Milotic,밀로틱,ミロカロス,Milotic
Miltank,Écrémeuh,Miltank,Miltank,Miltank,밀탱크,ミルタンク,Miltank
Mime Jr.,Mime Jr.,Mime Jr.,Pantimimi,Mime Jr.,흉내내,マネネ,Mime Jr.
Mimikyu,Mimiqui,Mimikyu,Mimigma,Mimikyu,따라큐,ミミッキュ,Mimikyu
Mimikyu,Mimiqui,Mimikyu,Mimigma,Mimikyu,따라큐,ミミッキュ,Mimikyu
Minccino,Chinchidou,Minccino,Picochilla,Minccino,치라미,チラーミィ,Minccino
Minior,Météno,Minior,Meteno,Minior,메테노,メテノ,Minior
Minior,Météno,Minior,Meteno,Minior,메테노,メテノ,Minior
Minior,Météno,Minior,Meteno,Minior,메테노,メテノ,Minior
Minior,Météno,Minior,Meteno,Minior,메테노,メテノ,Minior
Minior,Météno,Minior,Meteno,Minior,메테노,メテノ,Minior
Minior,Météno,Minior,Meteno,Minior,메테노,メテノ,Minior
Minior,Météno,Minior,Meteno,Minior,메테노,メテノ,Minior
Minior,Météno,Minior,Meteno,Minior,메테노,メテノ,Minior
Minior,Météno,Minior,Meteno,Minior,메테노,メテノ,Minior
Minun,Négapi,Minun,Minun,Minun,마이농,マイナン,Minun
Misdreavus,Feuforêve,Misdreavus,Traunfugil,Misdreavus,무우마,ムウマ,Misdreavus
Mismagius,Magirêve,Mismagius,Traunmagil,Mismagius,무우마직,ムウマージ,Mismagius
Moltres,Sulfura,Moltres,Lavados,Moltres,파이어,ファイヤー,Moltres
Monferno,Chimpenfeu,Monferno,Panpyro,Monferno,파이숭이,モウカザル,Monferno
Morelull,Spododo,Morelull,Bubungus,Morelull,자마슈,ネマシュ,Morelull
Mothim,Papilord,Mothim,Moterpel,Mothim,나메일,ガーメイル,Mothim
Mr. Mime,M. Mime,Mr. Mime,Pantimos,Mr. Mime,마임맨,バリヤード,Mr. Mime
Mudbray,Tiboudet,Mudbray,Pampuli,Mudbray,머드나기,ドロバンコ,Mudbray
Mudkip,Gobou,Mudkip,Hydropi,Mudkip,물짱이,ミズゴロウ,Mudkip
Mudsdale,Bourrinos,Mudsdale,Pampross,Mudsdale,만마드,バンバドロ,Mudsdale
Muk,Grotadmorv,Muk,Sleimok,Muk,질뻐기,ベトベトン,Muk
Muk,Grotadmorv,Muk,Sleimok,Muk,질뻐기,ベトベトン,Muk
Munchlax,Goinfrex,Munchlax,Mampfaxo,Munchlax,먹고자,ゴンベ,Munchlax
Munna,Munna,Munna,Somniam,Munna,몽나,ムンナ,Munna
Murkrow,Cornèbre,Murkrow,Kramurx,Murkrow,니로우,ヤミカラス,Murkrow
Musharna,Mushana,Musharna,Somnivora,Musharna,몽얌나,ムシャーナ,Musharna
Musharna,Mushana,Musharna,Somnivora,Musharna,몽얌나,ムシャーナ,Musharna
Naganadel,Mandrillon,Naganadel,Agoyon,Naganadel,아고용,アーゴヨン,Naganadel
Natu,Natu,Natu,Natu,Natu,네이티,ネイティ,Natu
Necrozma,Necrozma,Necrozma,Necrozma,Necrozma,네크로즈마,ネクロズマ,Necrozma
Necrozma,Necrozma,Necrozma,Necrozma,Necrozma,네크로즈마,ネクロズマ,Necrozma
Necrozma,Necrozma,Necrozma,Necrozma,Necrozma,네크로즈마,ネクロズマ,Necrozma
Necrozma,Necrozma,Necrozma,Necrozma,Necrozma,네크로즈마,ネクロズマ,Necrozma
Nidoking,Nidoking,Nidoking,Nidoking,Nidoking,니드킹,ニドキング,Nidoking
Nidoqueen,Nidoqueen,Nidoqueen,Nidoqueen,Nidoqueen,니드퀸,ニドクイン,Nidoqueen
Nidoran♀,Nidoran♀,Nidoran♀,Nidoran♀,Nidoran♀,니드런♀,ニドラン♀,Nidoran♀
Nidoran♂,Nidoran♂,Nidoran♂,Nidoran♂,Nidoran♂,니드런♂,ニドラン♂,Nidoran♂
Nidorina,Nidorina,Nidorina,Nidorina,Nidorina,니드리나,ニドリーナ,Nidorina
Nidorino,Nidorino,Nidorino,Nidorino,Nidorino,니드리노,ニドリーノ,Nidorino
Nihilego,Zéroïd,Nihilego,Anego,Nihilego,텅비드,ウツロイド,Nihilego
Nincada,Ningale,Nincada,Nincada,Nincada,토중몬,ツチニン,Nincada
Ninetales,Feunard,Ninetales,Vulnona,Ninetales,나인테일,キュウコン,Ninetales
Ninetales,Feunard,Ninetales,Vulnona,Ninetales,나인테일,キュウコン,Ninetales
Ninjask,Ninjask,Ninjask,Ninjask,Ninjask,아이스크,テッカニン,Ninjask
Noctowl,Noarfang,Noctowl,Noctuh,Noctowl,야부엉,ヨルノズク,Noctowl
Noibat,Sonistrelle,Noibat,eF-eM,Noibat,음뱃,オンバット,Noibat
Noivern,Bruyverne,Noivern,UHaFnir,Noivern,음번,オンバーン,Noivern
Nosepass,Tarinor,Nosepass,Nasgnet,Nosepass,코코파스,ノズパス,Nosepass
Numel,Chamallot,Numel,Camaub,Numel,둔타,ドンメル,Numel
Nuzleaf,Pifeuil,Nuzleaf,Blanas,Nuzleaf,잎새코,コノハナ,Nuzleaf
Octillery,Octillery,Octillery,Octillery,Octillery,대포무노,オクタン,Octillery
Oddish,Mystherbe,Oddish,Myrapla,Oddish,뚜벅쵸,ナゾノクサ,Oddish
Omanyte,Amonita,Omanyte,Amonitas,Omanyte,암나이트,オムナイト,Omanyte
Omastar,Amonistar,Omastar,Amoroso,Omastar,암스타,オムスター,Omastar
Onix,Onix,Onix,Onix,Onix,롱스톤,イワーク,Onix
Oranguru,Gouroutan,Oranguru,Kommandutan,Oranguru,하랑우탄,ヤレユータン,Oranguru
Oricorio,Plumeline,Oricorio,Choreogel,Oricorio,춤추새,オドリドリ,Oricorio
Oricorio,Plumeline,Oricorio,Choreogel,Oricorio,춤추새,オドリドリ,Oricorio
Oricorio,Plumeline,Oricorio,Choreogel,Oricorio,춤추새,オドリドリ,Oricorio
Oricorio,Plumeline,Oricorio,Choreogel,Oricorio,춤추새,オドリドリ,Oricorio
Oricorio,Plumeline,Oricorio,Choreogel,Oricorio,춤추새,オドリドリ,Oricorio
Oricorio,Plumeline,Oricorio,Choreogel,Oricorio,춤추새,オドリドリ,Oricorio
Oricorio,Plumeline,Oricorio,Choreogel,Oricorio,춤추새,オドリドリ,Oricorio
Oshawott,Moustillon,Oshawott,Ottaro,Oshawott,수댕이,ミジュマル,Oshawott
Pachirisu,Pachirisu,Pachirisu,Pachirisu,Pachirisu,파치리스,パチリス,Pachirisu
Palkia,Palkia,Palkia,Palkia,Palkia,펄기아,パルキア,Palkia
Palossand,Trépassable,Palossand,Colossand,Palossand,모래성이당,シロデスナ,Palossand
Palossand,Trépassable,Palossand,Colossand,Palossand,모래성이당,シロデスナ,Palossand
Palpitoad,Batracné,Palpitoad,Mebrana,Palpitoad,두까비,ガマガル,Palpitoad
Pancham,Pandespiègle,Pancham,Pam-Pam,Pancham,판짱,ヤンチャム,Pancham
Pangoro,Pandarbare,Pangoro,Pandagro,Pangoro,부란다,ゴロンダ,Pangoro
Panpour,Flotajou,Panpour,Sodamak,Panpour,앗차프,ヒヤップ,Panpour
Pansage,Feuillajou,Pansage,Vegimak,Pansage,야나프,ヤナップ,Pansage
Pansear,Flamajou,Pansear,Grillmak,Pansear,바오프,バオップ,Pansear
Paras,Paras,Paras,Paras,Paras,파라스,パラス,Paras
Parasect,Parasect,Parasect,Parasek,Parasect,파라섹트,パラセクト,Parasect
Passimian,Quartermac,Passimian,Quartermak,Passimian,내던숭이,ナゲツケサル,Passimian
Patrat,Ratentif,Patrat,Nagelotz,Patrat,보르쥐,ミネズミ,Patrat
Pawniard,Scalpion,Pawniard,Gladiantri,Pawniard,자망칼,コマタナ,Pawniard
Pelipper,Bekipan,Pelipper,Pelipper,Pelipper,패리퍼,ペリッパー,Pelipper
Persian,Persian,Persian,Snobilikat,Persian,페르시온,ペルシアン,Persian
Persian,Persian,Persian,Snobilikat,Persian,페르시온,ペルシアン,Persian
Petilil,Chlorobule,Petilil,Lilminip,Petilil,치릴리,チュリネ,Petilil
Phanpy,Phanpy,Phanpy,Phanpy,Phanpy,코코리,ゴマゾウ,Phanpy
Phantump,Brocélôme,Phantump,Paragoni,Phantump,나목령,ボクレー,Phantump
Pheromosa,Cancrelove,Pheromosa,Schabelle,Pheromosa,페로코체,フェローチェ,Pheromosa
Phione,Phione,Phione,Phione,Phione,피오네,フィオネ,Phione
Pichu,Pichu,Pichu,Pichu,Pichu,피츄,ピチュー,Pichu
Pidgeot,Roucarnage,Pidgeot,Tauboss,Pidgeot,피죤투,ピジョット,Pidgeot
Pidgeot,Roucarnage,Pidgeot,Tauboss,Pidgeot,피죤투,ピジョット,Pidgeot
Pidgeotto,Roucoups,Pidgeotto,Tauboga,Pidgeotto,피죤,ピジョン,Pidgeotto
Pidgey,Roucool,Pidgey,Taubsi,Pidgey,구구,ポッポ,Pidgey
Pidove,Poichigeon,Pidove,Dusselgurr,Pidove,콩둘기,マメパト,Pidove
Pignite,Grotichon,Pignite,Ferkokel,Pignite,차오꿀,チャオブー,Pignite
Pikachu,Pikachu,Pikachu,Pikachu,Pikachu,피카츄,ピカチュウ,Pikachu
Pikachu,Pikachu,Pikachu,Pikachu,Pikachu,피카츄,ピカチュウ,Pikachu
Pikachu,Pikachu,Pikachu,Pikachu,Pikachu,피카츄,ピカチュウ,Pikachu
Pikachu,Pikachu,Pikachu,Pikachu,Pikachu,피카츄,ピカチュウ,Pikachu
Pikachu,Pikachu,Pikachu,Pikachu,Pikachu,피카츄,ピカチュウ,Pikachu
Pikachu,Pikachu,Pikachu,Pikachu,Pikachu,피카츄,ピカチュウ,Pikachu
Pikachu,Pikachu,Pikachu,Pikachu,Pikachu,피카츄,ピカチュウ,Pikachu
Pikachu,Pikachu,Pikachu,Pikachu,Pikachu,피카츄,ピカチュウ,Pikachu
Pikachu,Pikachu,Pikachu,Pikachu,Pikachu,피카츄,ピカチュウ,Pikachu
Pikachu,Pikachu,Pikachu,Pikachu,Pikachu,피카츄,ピカチュウ,Pikachu
Pikipek,Picassaut,Pikipek,Peppeck,Pikipek,콕코구리,ツツケラ,Pikipek
Piloswine,Cochignon,Piloswine,Keifel,Piloswine,메꾸리,イノムー,Piloswine
Pineco,Pomdepik,Pineco,Tannza,Pineco,피콘,クヌギダマ,Pineco
Pinsir,Scarabrute,Pinsir,Pinsir,Pinsir,쁘사이저,カイロス,Pinsir
Pinsir,Scarabrute,Pinsir,Pinsir,Pinsir,쁘사이저,カイロス,Pinsir
Piplup,Tiplouf,Piplup,Plinfa,Piplup,팽도리,ポッチャマ,Piplup
Plusle,Posipi,Plusle,Plusle,Plusle,플러시,プラスル,Plusle
Poipole,Vémini,Poipole,Venicro,Poipole,베베놈,ベベノム,Poipole
Politoed,Tarpaud,Politoed,Quaxo,Politoed,왕구리,ニョロトノ,Politoed
Poliwag,Ptitard,Poliwag,Quapsel,Poliwag,발챙이,ニョロモ,Poliwag
Poliwhirl,Têtarte,Poliwhirl,Quaputzi,Poliwhirl,슈륙챙이,ニョロゾ,Poliwhirl
Poliwrath,Tartard,Poliwrath,Quappo,Poliwrath,강챙이,ニョロボン,Poliwrath
Ponyta,Ponyta,Ponyta,Ponita,Ponyta,포니타,ポニータ,Ponyta
Poochyena,Medhyèna,Poochyena,Fiffyen,Poochyena,포챠나,ポチエナ,Poochyena
Popplio,Otaquin,Popplio,Robball,Popplio,누리공,アシマリ,Popplio
Porygon,Porygon,Porygon,Porygon,Porygon,폴리곤,ポリゴン,Porygon
Porygon2,Porygon2,Porygon2,Porygon2,Porygon2,폴리곤2,ポリゴン２,Porygon2
Porygon-Z,Porygon-Z,Porygon-Z,Porygon-Z,Porygon-Z,폴리곤Z,ポリゴンＺ,Porygon-Z
Primarina,Oratoria,Primarina,Primarene,Primarina,누리레느,アシレーヌ,Primarina
Primeape,Colossinge,Primeape,Rasaff,Primeape,성원숭,オコリザル,Primeape
Prinplup,Prinplouf,Prinplup,Pliprin,Prinplup,팽태자,ポッタイシ,Prinplup
Probopass,Tarinorme,Probopass,Voluminas,Probopass,대코파스,ダイノーズ,Probopass
Psyduck,Psykokwak,Psyduck,Enton,Psyduck,고라파덕,コダック,Psyduck
Pumpkaboo,Pitrouille,Pumpkaboo,Irrbis,Pumpkaboo,호바귀,バケッチャ,Pumpkaboo
Pumpkaboo,Pitrouille,Pumpkaboo,Irrbis,Pumpkaboo,호바귀,バケッチャ,Pumpkaboo
Pumpkaboo,Pitrouille,Pumpkaboo,Irrbis,Pumpkaboo,호바귀,バケッチャ,Pumpkaboo
Pumpkaboo,Pitrouille,Pumpkaboo,Irrbis,Pumpkaboo,호바귀,バケッチャ,Pumpkaboo
Pupitar,Ymphect,Pupitar,Pupitar,Pupitar,데기라스,サナギラス,Pupitar
Purrloin,Chacripan,Purrloin,Felilou,Purrloin,쌔비냥,チョロネコ,Purrloin
Purugly,Chaffreux,Purugly,Shnurgarst,Purugly,몬냥이,ブニャット,Purugly
Pyroar,Némélios,Pyroar,Pyroleo,Pyroar,화염레오,カエンジシ,Pyroar
Pyukumuku,Concombaffe,Pyukumuku,Gufa,Pyukumuku,해무기,ナマコブシ,Pyukumuku
Quagsire,Maraiste,Quagsire,Morlord,Quagsire,누오,ヌオー,Quagsire
Quilava,Feurisson,Quilava,Igelavar,Quilava,마그케인,マグマラシ,Quilava
Quilladin,Boguérisse,Quilladin,Igastarnish,Quilladin,도치보구,ハリボーグ,Quilladin
Qwilfish,Qwilfish,Qwilfish,Baldorfish,Qwilfish,침바루,ハリーセン,Qwilfish
Raichu,Raichu,Raichu,Raichu,Raichu,라이츄,ライチュウ,Raichu
Raichu,Raichu,Raichu,Raichu,Raichu,라이츄,ライチュウ,Raichu
Raikou,Raikou,Raikou,Raikou,Raikou,라이코,ライコウ,Raikou
Ralts,Tarsal,Ralts,Trasla,Ralts,랄토스,ラルトス,Ralts
Rampardos,Charkos,Rampardos,Rameidon,Rampardos,램펄드,ラムパルド,Rampardos
Rapidash,Galopa,Rapidash,Gallopa,Rapidash,날쌩마,ギャロップ,Rapidash
Raticate,Rattatac,Raticate,Rattikarl,Raticate,레트라,ラッタ,Raticate
Raticate,Rattatac,Raticate,Rattikarl,Raticate,레트라,ラッタ,Raticate
Rattata,Rattata,Rattata,Rattfratz,Rattata,꼬렛,コラッタ,Rattata
Rattata,Rattata,Rattata,Rattfratz,Rattata,꼬렛,コラッタ,Rattata
Rattata,Rattata,Rattata,Rattfratz,Rattata,꼬렛,コラッタ,Rattata
Rattata,Rattata,Rattata,Rattfratz,Rattata,꼬렛,コラッタ,Rattata
Rattata,Rattata,Rattata,Rattfratz,Rattata,꼬렛,コラッタ,Rattata
Rayquaza,Rayquaza,Rayquaza,Rayquaza,Rayquaza,레쿠쟈,レックウザ,Rayquaza
Rayquaza,Rayquaza,Rayquaza,Rayquaza,Rayquaza,레쿠쟈,レックウザ,Rayquaza
Regice,Regice,Regice,Regice,Regice,레지아이스,レジアイス,Regice
Regigigas,Regigigas,Regigigas,Regigigas,Regigigas,레지기가스,レジギガス,Regigigas
Regirock,Regirock,Regirock,Regirock,Regirock,레지락,レジロック,Regirock
Registeel,Registeel,Registeel,Registeel,Registeel,레지스틸,レジスチル,Registeel
Relicanth,Relicanth,Relicanth,Relicanth,Relicanth,시라칸,ジーランス,Relicanth
Remoraid,Rémoraid,Remoraid,Remoraid,Remoraid,총어,テッポウオ,Remoraid
Reshiram,Reshiram,Reshiram,Reshiram,Reshiram,레시라무,レシラム,Reshiram
Reuniclus,Symbios,Reuniclus,Zytomega,Reuniclus,란쿨루스,ランクルス,Reuniclus
Rhydon,Rhinoféros,Rhydon,Rizeros,Rhydon,코뿌리,サイドン,Rhydon
Rhyhorn,Rhinocorne,Rhyhorn,Rihorn,Rhyhorn,뿔카노,サイホーン,Rhyhorn
Rhyperior,Rhinastoc,Rhyperior,Rihornior,Rhyperior,거대코뿌리,ドサイドン,Rhyperior
Ribombee,Rubombelle,Ribombee,Bandelby,Ribombee,에리본,アブリボン,Ribombee
Riolu,Riolu,Riolu,Riolu,Riolu,리오르,リオル,Riolu
Rockruff,Rocabot,Rockruff,Wuffels,Rockruff,암멍이,イワンコ,Rockruff
Roggenrola,Nodulithe,Roggenrola,Kiesling,Roggenrola,단굴,ダンゴロ,Roggenrola
Roselia,Rosélia,Roselia,Roselia,Roselia,로젤리아,ロゼリア,Roselia
Roserade,Roserade,Roserade,Roserade,Roserade,로즈레이드,ロズレイド,Roserade
Rotom,Motisma,Rotom,Rotom,Rotom,로토무,ロトム,Rotom
Rotom,Motisma,Rotom,Rotom,Rotom,로토무,ロトム,Rotom
Rotom,Motisma,Rotom,Rotom,Rotom,로토무,ロトム,Rotom
Rotom,Motisma,Rotom,Rotom,Rotom,로토무,ロトム,Rotom
Rotom,Motisma,Rotom,Rotom,Rotom,로토무,ロトム,Rotom
Rotom,Motisma,Rotom,Rotom,Rotom,로토무,ロトム,Rotom
Rowlet,Brindibou,Rowlet,Bauz,Rowlet,나몰빼미,モクロー,Rowlet
Rufflet,Furaiglon,Rufflet,Geronimatz,Rufflet,수리둥보,ワシボン,Rufflet
Sableye,Ténéfix,Sableye,Zobiris,Sableye,깜까미,ヤミラミ,Sableye
Sableye,Ténéfix,Sableye,Zobiris,Sableye,깜까미,ヤミラミ,Sableye
Salamence,Drattak,Salamence,Brutalanda,Salamence,보만다,ボーマンダ,Salamence
Salamence,Drattak,Salamence,Brutalanda,Salamence,보만다,ボーマンダ,Salamence
Salandit,Tritox,Salandit,Molunk,Salandit,야도뇽,ヤトウモリ,Salandit
Salazzle,Malamandre,Salazzle,Amfira,Salazzle,염뉴트,エンニュート,Salazzle
Samurott,Clamiral,Samurott,Admurai,Samurott,대검귀,ダイケンキ,Samurott
Sandile,Mascaïman,Sandile,Ganovil,Sandile,깜눈크,メグロコ,Sandile
Sandshrew,Sabelette,Sandshrew,Sandan,Sandshrew,모래두지,サンド,Sandshrew
Sandshrew,Sabelette,Sandshrew,Sandan,Sandshrew,모래두지,サンド,Sandshrew
Sandslash,Sablaireau,Sandslash,Sandamer,Sandslash,고지,サンドパン,Sandslash
Sandslash,Sablaireau,Sandslash,Sandamer,Sandslash,고지,サンドパン,Sandslash
Sandygast,Bacabouh,Sandygast,Sankabuh,Sandygast,모래꿍,スナバァ,Sandygast
Sawk,Karaclée,Sawk,Karadonis,Sawk,타격귀,ダゲキ,Sawk
Sawsbuck,Haydaim,Sawsbuck,Kronjuwild,Sawsbuck,바라철록,メブキジカ,Sawsbuck
Sawsbuck,Haydaim,Sawsbuck,Kronjuwild,Sawsbuck,바라철록,メブキジカ,Sawsbuck
Sawsbuck,Haydaim,Sawsbuck,Kronjuwild,Sawsbuck,바라철록,メブキジカ,Sawsbuck
Sawsbuck,Haydaim,Sawsbuck,Kronjuwild,Sawsbuck,바라철록,メブキジカ,Sawsbuck
Scatterbug,Lépidonille,Scatterbug,Purmel,Scatterbug,분이벌레,コフキムシ,Scatterbug
Sceptile,Jungko,Sceptile,Gewaldro,Sceptile,나무킹,ジュカイン,Sceptile
Sceptile,Jungko,Sceptile,Gewaldro,Sceptile,나무킹,ジュカイン,Sceptile
Scizor,Cizayox,Scizor,Scherox,Scizor,핫삼,ハッサム,Scizor
Scizor,Cizayox,Scizor,Scherox,Scizor,핫삼,ハッサム,Scizor
Scolipede,Brutapode,Scolipede,Cerapendra,Scolipede,펜드라,ペンドラー,Scolipede
Scrafty,Baggaïd,Scrafty,Irokex,Scrafty,곤율거니,ズルズキン,Scrafty
Scraggy,Baggiguane,Scraggy,Zurrokex,Scraggy,곤율랭,ズルッグ,Scraggy
Scyther,Insécateur,Scyther,Sichlor,Scyther,스라크,ストライク,Scyther
Seadra,Hypocéan,Seadra,Seemon,Seadra,시드라,シードラ,Seadra
Seaking,Poissoroy,Seaking,Golking,Seaking,왕콘치,アズマオウ,Seaking
Sealeo,Phogleur,Sealeo,Seejong,Sealeo,씨레오,トドグラー,Sealeo
Seedot,Grainipiot,Seedot,Samurzel,Seedot,도토링,タネボー,Seedot
Seel,Otaria,Seel,Jurob,Seel,쥬쥬,パウワウ,Seel
Seismitoad,Crapustule,Seismitoad,Branawarz,Seismitoad,두빅굴,ガマゲロゲ,Seismitoad
Sentret,Fouinette,Sentret,Wiesor,Sentret,꼬리선,オタチ,Sentret
Serperior,Majaspic,Serperior,Serpiroyal,Serperior,샤로다,ジャローダ,Serperior
Servine,Lianaja,Servine,Efoserp,Servine,샤비,ジャノビー,Servine
Seviper,Séviper,Seviper,Vipitis,Seviper,세비퍼,ハブネーク,Seviper
Sewaddle,Larveyette,Sewaddle,Strawickl,Sewaddle,두르보,クルミル,Sewaddle
Sharpedo,Sharpedo,Sharpedo,Tohaido,Sharpedo,샤크니아,サメハダー,Sharpedo
Sharpedo,Sharpedo,Sharpedo,Tohaido,Sharpedo,샤크니아,サメハダー,Sharpedo
Shaymin,Shaymin,Shaymin,Shaymin,Shaymin,쉐이미,シェイミ,Shaymin
Shaymin,Shaymin,Shaymin,Shaymin,Shaymin,쉐이미,シェイミ,Shaymin
Shedinja,Munja,Shedinja,Ninjatom,Shedinja,껍질몬,ヌケニン,Shedinja
Shelgon,Drackhaus,Shelgon,Draschel,Shelgon,쉘곤,コモルー,Shelgon
Shellder,Kokiyas,Shellder,Muschas,Shellder,셀러,シェルダー,Shellder
Shellos,Sancoki,Shellos,Schalellos,Shellos,깝질무,カラナクシ,Shellos
Shellos,Sancoki,Shellos,Schalellos,Shellos,깝질무,カラナクシ,Shellos
Shelmet,Escargaume,Shelmet,Schnuthelm,Shelmet,쪼마리,チョボマキ,Shelmet
Shieldon,Dinoclier,Shieldon,Schilterus,Shieldon,방패톱스,タテトプス,Shieldon
Shiftry,Tengalice,Shiftry,Tengulist,Shiftry,다탱구,ダーテング,Shiftry
Shiinotic,Lampignon,Shiinotic,Lamellux,Shiinotic,마셰이드,マシェード,Shiinotic
Shinx,Lixy,Shinx,Sheinux,Shinx,꼬링크,コリンク,Shinx
Shinx,Lixy,Shinx,Sheinux,Shinx,꼬링크,コリンク,Shinx
Shroomish,Balignon,Shroomish,Knilz,Shroomish,버섯꼬,キノココ,Shroomish
Shuckle,Caratroc,Shuckle,Pottrott,Shuckle,단단지,ツボツボ,Shuckle
Shuppet,Polichombr,Shuppet,Shuppet,Shuppet,어둠대신,カゲボウズ,Shuppet
Sigilyph,Cryptéro,Sigilyph,Symvolara,Sigilyph,심보러,シンボラー,Sigilyph
Silcoon,Armulys,Silcoon,Schaloko,Silcoon,실쿤,カラサリス,Silcoon
Silvally,Silvallié,Silvally,Amigento,Silvally,실버디,シルヴァディ,Silvally
Silvally,Silvallié,Silvally,Amigento,Silvally,실버디,シルヴァディ,Silvally
Silvally,Silvallié,Silvally,Amigento,Silvally,실버디,シルヴァディ,Silvally
Silvally,Silvallié,Silvally,Amigento,Silvally,실버디,シルヴァディ,Silvally
Silvally,Silvallié,Silvally,Amigento,Silvally,실버디,シルヴァディ,Silvally
Silvally,Silvallié,Silvally,Amigento,Silvally,실버디,シルヴァディ,Silvally
Silvally,Silvallié,Silvally,Amigento,Silvally,실버디,シルヴァディ,Silvally
Silvally,Silvallié,Silvally,Amigento,Silvally,실버디,シルヴァディ,Silvally
Silvally,Silvallié,Silvally,Amigento,Silvally,실버디,シルヴァディ,Silvally
Silvally,Silvallié,Silvally,Amigento,Silvally,실버디,シルヴァディ,Silvally
Silvally,Silvallié,Silvally,Amigento,Silvally,실버디,シルヴァディ,Silvally
Silvally,Silvallié,Silvally,Amigento,Silvally,실버디,シルヴァディ,Silvally
Silvally,Silvallié,Silvally,Amigento,Silvally,실버디,シルヴァディ,Silvally
Silvally,Silvallié,Silvally,Amigento,Silvally,실버디,シルヴァディ,Silvally
Silvally,Silvallié,Silvally,Amigento,Silvally,실버디,シルヴァディ,Silvally
Silvally,Silvallié,Silvally,Amigento,Silvally,실버디,シルヴァディ,Silvally
Silvally,Silvallié,Silvally,Amigento,Silvally,실버디,シルヴァディ,Silvally
Silvally,Silvallié,Silvally,Amigento,Silvally,실버디,シルヴァディ,Silvally
Silvally,Silvallié,Silvally,Amigento,Silvally,실버디,シルヴァディ,Silvally
Simipour,Flotoutan,Simipour,Sodachita,Simipour,앗차키,ヒヤッキー,Simipour
Simisage,Feuiloutan,Simisage,Vegichita,Simisage,야나키,ヤナッキー,Simisage
Simisear,Flamoutan,Simisear,Grillchita,Simisear,바오키,バオッキー,Simisear
Skarmory,Airmure,Skarmory,Panzaeron,Skarmory,무장조,エアームド,Skarmory
Skiddo,Cabriolaine,Skiddo,Mähikel,Skiddo,메이클,メェークル,Skiddo
Skiploom,Floravol,Skiploom,Hubelupf,Skiploom,두코,ポポッコ,Skiploom
Skitty,Skitty,Skitty,Eneco,Skitty,에나비,エネコ,Skitty
Skorupi,Rapion,Skorupi,Pionskora,Skorupi,스콜피,スコルピ,Skorupi
Skrelp,Venalgue,Skrelp,Algitt,Skrelp,수레기,クズモー,Skrelp
Skuntank,Moufflair,Skuntank,Skuntank,Skuntank,스컹탱크,スカタンク,Skuntank
Slaking,Monaflèmit,Slaking,Letarking,Slaking,게을킹,ケッキング,Slaking
Slakoth,Parecool,Slakoth,Bummelz,Slakoth,게을로,ナマケロ,Slakoth
Sliggoo,Colimucus,Sliggoo,Viscargot,Sliggoo,미끄네일,ヌメイル,Sliggoo
Slowbro,Flagadoss,Slowbro,Lahmus,Slowbro,야도란,ヤドラン,Slowbro
Slowbro,Flagadoss,Slowbro,Lahmus,Slowbro,야도란,ヤドラン,Slowbro
Slowking,Roigada,Slowking,Laschoking,Slowking,야도킹,ヤドキング,Slowking
Slowpoke,Ramoloss,Slowpoke,Flegmon,Slowpoke,야돈,ヤドン,Slowpoke
Slugma,Limagma,Slugma,Schneckmag,Slugma,마그마그,マグマッグ,Slugma
Slurpuff,Cupcanaille,Slurpuff,Sabbaione,Slurpuff,나루림,ペロリーム,Slurpuff
Smeargle,Queulorior,Smeargle,Farbeagle,Smeargle,루브도,ドーブル,Smeargle
Smoochum,Lippouti,Smoochum,Kussilla,Smoochum,뽀뽀라,ムチュール,Smoochum
Sneasel,Farfuret,Sneasel,Sniebel,Sneasel,포푸니,ニューラ,Sneasel
Snivy,Vipélierre,Snivy,Serpifeu,Snivy,주리비얀,ツタージャ,Snivy
Snorlax,Ronflex,Snorlax,Relaxo,Snorlax,잠만보,カビゴン,Snorlax
Snorunt,Stalgamin,Snorunt,Schneppke,Snorunt,눈꼬마,ユキワラシ,Snorunt
Snover,Blizzi,Snover,Shnebedeck,Snover,눈쓰개,ユキカブリ,Snover
Snubbull,Snubbull,Snubbull,Snubbull,Snubbull,블루,ブルー,Snubbull
Solgaleo,Solgaleo,Solgaleo,Solgaleo,Solgaleo,솔가레오,ソルガレオ,Solgaleo
Solosis,Nucléos,Solosis,Monozyto,Solosis,유니란,ユニラン,Solosis
Solrock,Solaroc,Solrock,Sonnfel,Solrock,솔록,ソルロック,Solrock
Spearow,Piafabec,Spearow,Habitak,Spearow,깨비참,オニスズメ,Spearow
Spearow,Piafabec,Spearow,Habitak,Spearow,깨비참,オニスズメ,Spearow
Spearow,Piafabec,Spearow,Habitak,Spearow,깨비참,オニスズメ,Spearow
Spewpa,Pérégrain,Spewpa,Puponcho,Spewpa,분떠도리,コフーライ,Spewpa
Spheal,Obalie,Spheal,Seemops,Spheal,대굴레오,タマザラシ,Spheal
Spinarak,Mimigal,Spinarak,Webarak,Spinarak,페이검,イトマル,Spinarak
Spinda,Spinda,Spinda,Pandir,Spinda,얼루기,パッチール,Spinda
Spiritomb,Spiritomb,Spiritomb,Kryppuk,Spiritomb,화강돌,ミカルゲ,Spiritomb
Spoink,Spoink,Spoink,Spoink,Spoink,피그점프,バネブー,Spoink
Spritzee,Fluvetin,Spritzee,Parfi,Spritzee,슈쁘,シュシュプ,Spritzee
Squirtle,Carapuce,Squirtle,Schiggy,Squirtle,꼬부기,ゼニガメ,Squirtle
Stakataka,Ama-Ama,Stakataka,Muramura,Stakataka,차곡차곡,ツンデツンデ,Stakataka
Stantler,Cerfrousse,Stantler,Damhirplex,Stantler,노라키,オドシシ,Stantler
Staraptor,Étouraptor,Staraptor,Staraptor,Staraptor,찌르호크,ムクホーク,Staraptor
Staravia,Étourvol,Staravia,Staravia,Staravia,찌르버드,ムクバード,Staravia
Starly,Étourmi,Starly,Staralili,Starly,찌르꼬,ムックル,Starly
Starmie,Staross,Starmie,Starmie,Starmie,아쿠스타,スターミー,Starmie
Staryu,Stari,Staryu,Sterndu,Staryu,별가사리,ヒトデマン,Staryu
Steelix,Steelix,Steelix,Stahlos,Steelix,강철톤,ハガネール,Steelix
Steelix,Steelix,Steelix,Stahlos,Steelix,강철톤,ハガネール,Steelix
Steenee,Candine,Steenee,Frubaila,Steenee,달무리나,アママイコ,Steenee
Stoutland,Mastouffe,Stoutland,Bissbark,Stoutland,바랜드,ムーランド,Stoutland
Stufful,Nounourson,Stufful,Velursi,Stufful,포곰곰,ヌイコグマ,Stufful
Stunfisk,Limonde,Stunfisk,Flunschlik,Stunfisk,메더,マッギョ,Stunfisk
Stunky,Moufouette,Stunky,Skunkapuh,Stunky,스컹뿡,スカンプー,Stunky
Sudowoodo,Simularbre,Sudowoodo,Mogelbaum,Sudowoodo,꼬지모,ウソッキー,Sudowoodo
Suicune,Suicune,Suicune,Suicune,Suicune,스이쿤,スイクン,Suicune
Sunflora,Héliatronc,Sunflora,Sonnflora,Sunflora,해루미,キマワリ,Sunflora
Sunkern,Tournegrin,Sunkern,Sonnkern,Sunkern,해너츠,ヒマナッツ,Sunkern
Surskit,Arakdo,Surskit,Gehweiher,Surskit,비구술,アメタマ,Surskit
Swablu,Tylton,Swablu,Wablu,Swablu,파비코,チルット,Swablu
Swadloon,Couverdure,Swadloon,Folikon,Swadloon,두르쿤,クルマユ,Swadloon
Swalot,Avaltout,Swalot,Schlukwech,Swalot,꿀꺽몬,マルノーム,Swalot
Swampert,Laggron,Swampert,Sumpex,Swampert,대짱이,ラグラージ,Swampert
Swampert,Laggron,Swampert,Sumpex,Swampert,대짱이,ラグラージ,Swampert
Swanna,Lakmécygne,Swanna,Swaroness,Swanna,스완나,スワンナ,Swanna
Swellow,Hélédelle,Swellow,Schwalboss,Swellow,스왈로,オオスバメ,Swellow
Swinub,Marcacrin,Swinub,Quiekel,Swinub,꾸꾸리,ウリムー,Swinub
Swirlix,Sucroquin,Swirlix,Flauschling,Swirlix,나룸퍼프,ペロッパフ,Swirlix
Swoobat,Rhinolove,Swoobat,Fletiamo,Swoobat,맘박쥐,ココロモリ,Swoobat
Sylveon,Nymphali,Sylveon,Feelinara,Sylveon,님피아,ニンフィア,Sylveon
Taillow,Nirondelle,Taillow,Schwalbini,Taillow,테일로,スバメ,Taillow
Talonflame,Flambusard,Talonflame,Fiaro,Talonflame,파이어로,ファイアロー,Talonflame
Tangela,Saquedeneu,Tangela,Tangela,Tangela,덩쿠리,モンジャラ,Tangela
Tangrowth,Bouldeneu,Tangrowth,Tangoloss,Tangrowth,덩쿠림보,モジャンボ,Tangrowth
Tapu Bulu,Tokotoro,Tapu Bulu,Kapu-Toro,Tapu Bulu,카푸브루루,カプ・ブルル,Tapu Bulu
Tapu Fini,Tokopisco,Tapu Fini,Kapu-Kime,Tapu Fini,카푸느지느,カプ・レヒレ,Tapu Fini
Tapu Koko,Tokorico,Tapu Koko,Kapu-Riki,Tapu Koko,카푸꼬꼬꼭,カプ・コケコ,Tapu Koko
Tapu Lele,Tokopiyon,Tapu Lele,Kapu-Fala,Tapu Lele,카푸나비나,カプ・テテフ,Tapu Lele
Tapu Lele,Tokopiyon,Tapu Lele,Kapu-Fala,Tapu Lele,카푸나비나,カプ・テテフ,Tapu Lele
Tapu Lele,Tokopiyon,Tapu Lele,Kapu-Fala,Tapu Lele,카푸나비나,カプ・テテフ,Tapu Lele
Tapu Lele,Tokopiyon,Tapu Lele,Kapu-Fala,Tapu Lele,카푸나비나,カプ・テテフ,Tapu Lele
Tapu Lele,Tokopiyon,Tapu Lele,Kapu-Fala,Tapu Lele,카푸나비나,カプ・テテフ,Tapu Lele
Tapu Lele,Tokopiyon,Tapu Lele,Kapu-Fala,Tapu Lele,카푸나비나,カプ・テテフ,Tapu Lele
Tapu Lele,Tokopiyon,Tapu Lele,Kapu-Fala,Tapu Lele,카푸나비나,カプ・テテフ,Tapu Lele
Tauros,Tauros,Tauros,Tauros,Tauros,켄타로스,ケンタロス,Tauros
Teddiursa,Teddiursa,Teddiursa,Teddiursa,Teddiursa,깜지곰,ヒメグマ,Teddiursa
Tentacool,Tentacool,Tentacool,Tentacha,Tentacool,왕눈해,メノクラゲ,Tentacool
Tentacruel,Tentacruel,Tentacruel,Tentoxa,Tentacruel,독파리,ドククラゲ,Tentacruel
Tepig,Gruikui,Tepig,Floink,Tepig,뚜꾸리,ポカブ,Tepig
Terrakion,Terrakium,Terrakion,Terrakium,Terrakion,테라키온,テラキオン,Terrakion
Throh,Judokrak,Throh,Jiutesto,Throh,던지미,ナゲキ,Throh
Thundurus,Fulguris,Thundurus,Voltolos,Thundurus,볼트로스,ボルトロス,Thundurus
Thundurus,Fulguris,Thundurus,Voltolos,Thundurus,볼트로스,ボルトロス,Thundurus
Timburr,Charpenti,Timburr,Praktibalk,Timburr,으랏차,ドッコラー,Timburr
Tirtouga,Carapagos,Tirtouga,Galapaflos,Tirtouga,프로토가,プロトーガ,Tirtouga
Togedemaru,Togedemaru,Togedemaru,Togedemaru,Togedemaru,토게데마루,トゲデマル,Togedemaru
Togekiss,Togekiss,Togekiss,Togekiss,Togekiss,토게키스,トゲキッス,Togekiss
Togepi,Togepi,Togepi,Togepi,Togepi,토게피,トゲピー,Togepi
Togetic,Togetic,Togetic,Togetic,Togetic,토게틱,トゲチック,Togetic
Torchic,Poussifeu,Torchic,Flemmli,Torchic,아차모,アチャモ,Torchic
Torkoal,Chartor,Torkoal,Qurtel,Torkoal,코터스,コータス,Torkoal
Tornadus,Boréas,Tornadus,Boreos,Tornadus,토네로스,トルネロス,Tornadus
Tornadus,Boréas,Tornadus,Boreos,Tornadus,토네로스,トルネロス,Tornadus
Torracat,Matoufeu,Torracat,Miezunder,Torracat,냐오히트,ニャヒート,Torracat
Torterra,Torterra,Torterra,Chelterrar,Torterra,토대부기,ドダイトス,Torterra
Totodile,Kaiminus,Totodile,Karnimani,Totodile,리아코,ワニノコ,Totodile
Toucannon,Bazoucan,Toucannon,Tukanon,Toucannon,왕큰부리,ドデカバシ,Toucannon
Toxapex,Prédastérie,Toxapex,Aggrostella,Toxapex,더시마사리,ドヒドイデ,Toxapex
Toxicroak,Coatox,Toxicroak,Toxiquak,Toxicroak,독개굴,ドクロッグ,Toxicroak
Tranquill,Colombeau,Tranquill,Navitaub,Tranquill,유토브,ハトーボー,Tranquill
Trapinch,Kraknoix,Trapinch,Knacklion,Trapinch,톱치,ナックラー,Trapinch
Treecko,Arcko,Treecko,Geckarbor,Treecko,나무지기,キモリ,Treecko
Trevenant,Desséliande,Trevenant,Trombork,Trevenant,대로트,オーロット,Trevenant
Tropius,Tropius,Tropius,Tropius,Tropius,트로피우스,トロピウス,Tropius
Trubbish,Miamiasme,Trubbish,Unratütox,Trubbish,깨봉이,ヤブクロン,Trubbish
Trumbeak,Piclairon,Trumbeak,Trompeck,Trumbeak,크라파,ケララッパ,Trumbeak
Tsareena,Sucreine,Tsareena,Fruyal,Tsareena,달코퀸,アマージョ,Tsareena
Turtonator,Boumata,Turtonator,Tortunator,Turtonator,폭거북스,バクガメス,Turtonator
Turtwig,Tortipouss,Turtwig,Chelast,Turtwig,모부기,ナエトル,Turtwig
Tympole,Tritonde,Tympole,Schallquap,Tympole,동챙이,オタマロ,Tympole
Tynamo,Anchwatt,Tynamo,Zapplardin,Tynamo,저리어,シビシラス,Tynamo
Type: Null,Type:0,Tipo Zero,Typ:Null,Código Cero,타입:널,タイプ：ヌル,Type: Null
Typhlosion,Typhlosion,Typhlosion,Tornupto,Typhlosion,블레이범,バクフーン,Typhlosion
Tyranitar,Tyranocif,Tyranitar,Despotar,Tyranitar,마기라스,バンギラス,Tyranitar
Tyranitar,Tyranocif,Tyranitar,Despotar,Tyranitar,마기라스,バンギラス,Tyranitar
Tyrantrum,Rexillius,Tyrantrum,Monargoras,Tyrantrum,견고라스,ガチゴラス,Tyrantrum
Tyrogue,Debugant,Tyrogue,Rabauz,Tyrogue,배루키,バルキー,Tyrogue
Tyrunt,Ptyranidur,Tyrunt,Balgoras,Tyrunt,티고라스,チゴラス,Tyrunt
Umbreon,Noctali,Umbreon,Nachtara,Umbreon,블래키,ブラッキー,Umbreon
Unfezant,Déflaisan,Unfezant,Fasasnob,Unfezant,켄호로우,ケンホロウ,Unfezant
Unown,Zarbi,Unown,Icognito,Unown,안농,アンノーン,Unown
Unown,Zarbi,Unown,Icognito,Unown,안농,アンノーン,Unown
Unown,Zarbi,Unown,Icognito,Unown,안농,アンノーン,Unown
Unown,Zarbi,Unown,Icognito,Unown,안농,アンノーン,Unown
Unown,Zarbi,Unown,Icognito,Unown,안농,アンノーン,Unown
Unown,Zarbi,Unown,Icognito,Unown,안농,アンノーン,Unown
Unown,Zarbi,Unown,Icognito,Unown,안농,アンノーン,Unown
Unown,Zarbi,Unown,Icognito,Unown,안농,アンノーン,Unown
Unown,Zarbi,Unown,Icognito,Unown,안농,アンノーン,Unown
Unown,Zarbi,Unown,Icognito,Unown,안농,アンノーン,Unown
Unown,Zarbi,Unown,Icognito,Unown,안농,アンノーン,Unown
Unown,Zarbi,Unown,Icognito,Unown,안농,アンノーン,Unown
Unown,Zarbi,Unown,Icognito,Unown,안농,アンノーン,Unown
Unown,Zarbi,Unown,Icognito,Unown,안농,アンノーン,Unown
Unown,Zarbi,Unown,Icognito,Unown,안농,アンノーン,Unown
Unown,Zarbi,Unown,Icognito,Unown,안농,アンノーン,Unown
Unown,Zarbi,Unown,Icognito,Unown,안농,アンノーン,Unown
Unown,Zarbi,Unown,Icognito,Unown,안농,アンノーン,Unown
Unown,Zarbi,Unown,Icognito,Unown,안농,アンノーン,Unown
Unown,Zarbi,Unown,Icognito,Unown,안농,アンノーン,Unown
Unown,Zarbi,Unown,Icognito,Unown,안농,アンノーン,Unown
Unown,Zarbi,Unown,Icognito,Unown,안농,アンノーン,Unown
Unown,Zarbi,Unown,Icognito,Unown,안농,アンノーン,Unown
Unown,Zarbi,Unown,Icognito,Unown,안농,アンノーン,Unown
Unown,Zarbi,Unown,Icognito,Unown,안농,アンノーン,Unown
Unown,Zarbi,Unown,Icognito,Unown,안농,アンノーン,Unown
Unown,Zarbi,Unown,Icognito,Unown,안농,アンノーン,Unown
Unown,Zarbi,Unown,Icognito,Unown,안농,アンノーン,Unown
Ursaring,Ursaring,Ursaring,Ursaring,Ursaring,링곰,リングマ,Ursaring
Uxie,Créhelf,Uxie,Selfe,Uxie,유크시,ユクシー,Uxie
Vanillish,Sorboul,Vanillish,Gelatroppo,Vanillish,바닐리치,バニリッチ,Vanillish
Vanillite,Sorbébé,Vanillite,Gelatini,Vanillite,바닐프티,バニプッチ,Vanillite
Vanilluxe,Sorbouboul,Vanilluxe,Gelatwino,Vanilluxe,배바닐라,バイバニラ,Vanilluxe
Vaporeon,Aquali,Vaporeon,Aquana,Vaporeon,샤미드,シャワーズ,Vaporeon
Venipede,Venipatte,Venipede,Toxiped,Venipede,마디네,フシデ,Venipede
Venomoth,Aéromite,Venomoth,Omot,Venomoth,도나리,モルフォン,Venomoth
Venonat,Mimitoss,Venonat,Bluzuk,Venonat,콘팡,コンパン,Venonat
Venusaur,Florizarre,Venusaur,Bisaflor,Venusaur,이상해꽃,フシギバナ,Venusaur
Venusaur,Florizarre,Venusaur,Bisaflor,Venusaur,이상해꽃,フシギバナ,Venusaur
Vespiquen,Apireine,Vespiquen,Honweisel,Vespiquen,비퀸,ビークイン,Vespiquen
Vibrava,Vibraninf,Vibrava,Vibrava,Vibrava,비브라바,ビブラーバ,Vibrava
Victini,Victini,Victini,Victini,Victini,비크티니,ビクティニ,Victini
Victreebel,Empiflor,Victreebel,Sarzenia,Victreebel,우츠보트,ウツボット,Victreebel
Vigoroth,Vigoroth,Vigoroth,Muntier,Vigoroth,발바로,ヤルキモノ,Vigoroth
Vikavolt,Lucanon,Vikavolt,Donarion,Vikavolt,투구뿌논,クワガノン,Vikavolt
Vileplume,Rafflesia,Vileplume,Giflor,Vileplume,라플레시아,ラフレシア,Vileplume
Virizion,Viridium,Virizion,Viridium,Virizion,비리디온,ビリジオン,Virizion
Vivillon,Prismillon,Vivillon,Vivillon,Vivillon,비비용,ビビヨン,Vivillon
Vivillon,Prismillon,Vivillon,Vivillon,Vivillon,비비용,ビビヨン,Vivillon
Vivillon,Prismillon,Vivillon,Vivillon,Vivillon,비비용,ビビヨン,Vivillon
Vivillon,Prismillon,Vivillon,Vivillon,Vivillon,비비용,ビビヨン,Vivillon
Vivillon,Prismillon,Vivillon,Vivillon,Vivillon,비비용,ビビヨン,Vivillon
Vivillon,Prismillon,Vivillon,Vivillon,Vivillon,비비용,ビビヨン,Vivillon
Vivillon,Prismillon,Vivillon,Vivillon,Vivillon,비비용,ビビヨン,Vivillon
Vivillon,Prismillon,Vivillon,Vivillon,Vivillon,비비용,ビビヨン,Vivillon
Vivillon,Prismillon,Vivillon,Vivillon,Vivillon,비비용,ビビヨン,Vivillon
Vivillon,Prismillon,Vivillon,Vivillon,Vivillon,비비용,ビビヨン,Vivillon
Vivillon,Prismillon,Vivillon,Vivillon,Vivillon,비비용,ビビヨン,Vivillon
Vivillon,Prismillon,Vivillon,Vivillon,Vivillon,비비용,ビビヨン,Vivillon
Vivillon,Prismillon,Vivillon,Vivillon,Vivillon,비비용,ビビヨン,Vivillon
Vivillon,Prismillon,Vivillon,Vivillon,Vivillon,비비용,ビビヨン,Vivillon
Vivillon,Prismillon,Vivillon,Vivillon,Vivillon,비비용,ビビヨン,Vivillon
Vivillon,Prismillon,Vivillon,Vivillon,Vivillon,비비용,ビビヨン,Vivillon
Vivillon,Prismillon,Vivillon,Vivillon,Vivillon,비비용,ビビヨン,Vivillon
Vivillon,Prismillon,Vivillon,Vivillon,Vivillon,비비용,ビビヨン,Vivillon
Vivillon,Prismillon,Vivillon,Vivillon,Vivillon,비비용,ビビヨン,Vivillon
Vivillon,Prismillon,Vivillon,Vivillon,Vivillon,비비용,ビビヨン,Vivillon
Volbeat,Muciole,Volbeat,Volbeat,Volbeat,볼비트,バルビート,Volbeat
Volcanion,Volcanion,Volcanion,Volcanion,Volcanion,볼케니온,ボルケニオン,Volcanion
Volcanion,Volcanion,Volcanion,Volcanion,Volcanion,볼케니온,ボルケニオン,Volcanion
Volcarona,Pyrax,Volcarona,Ramoth,Volcarona,불카모스,ウルガモス,Volcarona
Voltorb,Voltorbe,Voltorb,Voltobal,Voltorb,찌리리공,ビリリダマ,Voltorb
Vullaby,Vostourno,Vullaby,Skallyk,Vullaby,벌차이,バルチャイ,Vullaby
Vulpix,Goupix,Vulpix,Vulpix,Vulpix,식스테일,ロコン,Vulpix
Vulpix,Goupix,Vulpix,Vulpix,Vulpix,식스테일,ロコン,Vulpix
Wailmer,Wailmer,Wailmer,Wailmer,Wailmer,고래왕자,ホエルコ,Wailmer
Wailord,Wailord,Wailord,Wailord,Wailord,고래왕,ホエルオー,Wailord
Walrein,Kaimorse,Walrein,Walraisa,Walrein,씨카이저,トドゼルガ,Walrein
Wartortle,Carabaffe,Wartortle,Schillok,Wartortle,어니부기,カメール,Wartortle
Watchog,Miradar,Watchog,Kukmarda,Watchog,보르그,ミルホッグ,Watchog
Weavile,Dimoret,Weavile,Snibunna,Weavile,포푸니라,マニューラ,Weavile
Weedle,Aspicot,Weedle,Hornliu,Weedle,뿔충이,ビードル,Weedle
Weepinbell,Boustiflor,Weepinbell,Ultrigaria,Weepinbell,우츠동,ウツドン,Weepinbell
Weezing,Smogogo,Weezing,Smogmog,Weezing,또도가스,マタドガス,Weezing
Whimsicott,Farfaduvet,Whimsicott,Elfun,Whimsicott,엘풍,エルフーン,Whimsicott
Whirlipede,Scobolide,Whirlipede,Rollum,Whirlipede,휠구,ホイーガ,Whirlipede
Whiscash,Barbicha,Whiscash,Welsar,Whiscash,메깅,ナマズン,Whiscash
Whismur,Chuchmur,Whismur,Flurmel,Whismur,소곤룡,ゴニョニョ,Whismur
Wigglytuff,Grodoudou,Wigglytuff,Knuddeluff,Wigglytuff,푸크린,プクリン,Wigglytuff
Wimpod,Sovkipou,Wimpod,Reißlaus,Wimpod,꼬시레,コソクムシ,Wimpod
Wimpod,Sovkipou,Wimpod,Reißlaus,Wimpod,꼬시레,コソクムシ,Wimpod
Wimpod,Sovkipou,Wimpod,Reißlaus,Wimpod,꼬시레,コソクムシ,Wimpod
Wimpod,Sovkipou,Wimpod,Reißlaus,Wimpod,꼬시레,コソクムシ,Wimpod
Wimpod,Sovkipou,Wimpod,Reißlaus,Wimpod,꼬시레,コソクムシ,Wimpod
Wingull,Goélise,Wingull,Wingull,Wingull,갈모매,キャモメ,Wingull
Wishiwashi,Froussardine,Wishiwashi,Lusardin,Wishiwashi,약어리,ヨワシ,Wishiwashi
Wishiwashi,Froussardine,Wishiwashi,Lusardin,Wishiwashi,약어리,ヨワシ,Wishiwashi
Wobbuffet,Qulbutoké,Wobbuffet,Woingenau,Wobbuffet,마자용,ソーナンス,Wobbuffet
Woobat,Chovsourir,Woobat,Fleknoil,Woobat,또르박쥐,コロモリ,Woobat
Wooper,Axoloto,Wooper,Felino,Wooper,우파,ウパー,Wooper
Wormadam,Cheniselle,Wormadam,Burmadame,Wormadam,도롱마담,ミノマダム,Wormadam
Wormadam,Cheniselle,Wormadam,Burmadame,Wormadam,도롱마담,ミノマダム,Wormadam
Wormadam,Cheniselle,Wormadam,Burmadame,Wormadam,도롱마담,ミノマダム,Wormadam
Wormadam,Cheniselle,Wormadam,Burmadame,Wormadam,도롱마담,ミノマダム,Wormadam
Wurmple,Chenipotte,Wurmple,Waumpel,Wurmple,개무소,ケムッソ,Wurmple
Wynaut,Okéoké,Wynaut,Isso,Wynaut,마자,ソーナノ,Wynaut
Xatu,Xatu,Xatu,Xatu,Xatu,네이티오,ネイティオ,Xatu
Xerneas,Xerneas,Xerneas,Xerneas,Xerneas,제르네아스,ゼルネアス,Xerneas
Xurkitree,Câblifère,Xurkitree,Voltriant,Xurkitree,전수목,デンジュモク,Xurkitree
Yamask,Tutafeh,Yamask,Makabaja,Yamask,데스마스,デスマス,Yamask
Yanma,Yanma,Yanma,Yanma,Yanma,왕자리,ヤンヤンマ,Yanma
Yanmega,Yanmega,Yanmega,Yanmega,Yanmega,메가자리,メガヤンマ,Yanmega
Yungoos,Manglouton,Yungoos,Mangunior,Yungoos,영구스,ヤングース,Yungoos
Yveltal,Yveltal,Yveltal,Yveltal,Yveltal,이벨타르,イベルタル,Yveltal
Zangoose,Mangriff,Zangoose,Sengo,Zangoose,쟝고,ザングース,Zangoose
Zapdos,Électhor,Zapdos,Zapdos,Zapdos,썬더,サンダー,Zapdos
Zebstrika,Zéblitz,Zebstrika,Zebritz,Zebstrika,제브라이카,ゼブライカ,Zebstrika
Zekrom,Zekrom,Zekrom,Zekrom,Zekrom,제크로무,ゼクロム,Zekrom
Zeraora,Zeraora,Zeraora,Zeraora,Zeraora,제라오라,ゼラオラ,Zeraora
Zigzagoon,Zigzaton,Zigzagoon,Zigzachs,Zigzagoon,지그제구리,ジグザグマ,Zigzagoon
Zoroark,Zoroark,Zoroark,Zoroark,Zoroark,조로아크,ゾロアーク,Zoroark
Zorua,Zorua,Zorua,Zorua,Zorua,조로아,ゾロア,Zorua
Zubat,Nosferapti,Zubat,Zubat,Zubat,주뱃,ズバット,Zubat
Zweilous,Diamat,Zweilous,Duodino,Zweilous,디헤드,ジヘッド,Zweilous
Zygarde,Zygarde,Zygarde,Zygarde,Zygarde,지가르데,ジガルデ,Zygarde
Zygarde,Zygarde,Zygarde,Zygarde,Zygarde,지가르데,ジガルデ,Zygarde
Zygarde,Zygarde,Zygarde,Zygarde,Zygarde,지가르데,ジガルデ,Zygarde
Zygarde,Zygarde,Zygarde,Zygarde,Zygarde,지가르데,ジガルデ,Zygarde
Aeroli,Aéroli,Aeroli,Aeroli,Aeroli,Aeroli,Aeroli,Aeroli
Floralgar,Floralgar,Floralgar,Floralgar,Floralgar,Floralgar,Floralgar,Floralgar
Infectali,Infectali,Infectali,Infectali,Infectali,Infectali,Infectali,Infectali
